timestamp_s,side,hip_angle,hip_angle_smooth,knee_angle,back_angle,knee_angle_smooth,back_angle_smooth,elbow_angle,elbow_angle_smooth,body_angle,body_angle_smooth,hip_lift,hip_lift_smooth,hip_angle_display,knee_angle_display,back_angle_display,elbow_angle_display,body_angle_display,tracking_score,tracking_ok,tracking_display,exercise,exercise_confidence,exercise_locked,strap_confidence,stage,rep_count,warnings,pose_detected,frame_index
0.0,left,175.77357828437434,175.77357828437434,179.22746903895802,174.23210679788204,179.22746903895802,174.23210679788204,172.98580194065488,172.98580194065488,176.1504539113868,176.1504539113868,-0.9996697841686629,-0.9996697841686629,175.8 deg,179.2 deg,174.2 deg,173.0 deg,176.2 deg,0.964,True,ok,rdl,0.7,True,0.0,up,0,,True,0
0.0333,left,175.709193228946,175.74138575666018,179.12642701624495,174.2994076057786,179.1769480276015,174.26575720183033,173.0264982964033,173.0061501185291,176.14638663578125,176.148420273584,-0.9996783301276293,-0.9996740571481462,175.7 deg,179.2 deg,174.3 deg,173.0 deg,176.1 deg,0.965,True,ok,rdl,0.7,True,0.0,up,0,,True,1
0.0667,left,175.68706674160578,175.72327941830872,179.11706924158142,174.35485838056508,179.1569884322615,174.29545759474192,174.25174742334386,173.42134922013403,176.12828841632702,176.14170965449833,-0.9996807805180421,-0.9996762982714449,175.7 deg,179.2 deg,174.3 deg,173.4 deg,176.1 deg,0.966,True,ok,rdl,0.7,True,0.0,up,0,,True,2
0.1,left,175.60920682614284,175.69476127026724,179.05229324095208,174.38120109336123,179.13081463443413,174.31689346939675,173.97845398836856,173.56062541219265,176.08463332844858,176.1274405729859,-0.9996650586324645,-0.9996734883616998,175.7 deg,179.1 deg,174.3 deg,173.6 deg,176.1 deg,0.967,True,ok,rdl,0.7,True,0.0,up,0,,True,3
0.1333,left,175.44176928845962,175.6441628739057,178.93467299231477,174.3829453701901,179.09158630601024,174.33010384955543,174.13365041520248,173.67523041279463,175.98136389432318,176.09822523725336,-0.9996308188535931,-0.9996649544600784,175.6 deg,179.1 deg,174.3 deg,173.7 deg,176.1 deg,0.969,True,ok,rdl,0.7,True,0.0,up,0,,True,4
0.1667,left,175.38081175274283,175.60027102037859,178.86185179017392,174.5541750215927,179.05329722003754,174.36744904489498,174.29545512341156,173.77860119789747,175.9565390470111,176.07461087221296,-0.9996186187885052,-0.9996572318481496,175.6 deg,179.1 deg,174.4 deg,173.8 deg,176.1 deg,0.969,True,ok,rdl,0.7,True,0.0,up,0,,True,5
0.2,left,175.32039537327032,175.56028878507738,178.85927573460216,174.6204285229812,179.02557986497533,174.40358897033587,174.59404746834113,173.89509352224655,175.89844971537596,176.04944499266483,-0.9996127290241936,-0.9996508743018702,175.6 deg,179.0 deg,174.4 deg,173.9 deg,176.0 deg,0.97,True,ok,rdl,0.7,True,0.0,up,0,,True,6
0.2333,left,175.24086589481806,175.48418701514078,178.73359534050823,174.5899528616858,178.95502647948248,174.45470983659354,174.6454385571605,174.13218446746163,175.880012898093,176.0108105621943,-0.9995988969242906,-0.9996407475526742,175.5 deg,179.0 deg,174.5 deg,174.1 deg,176.0 deg,0.971,True,ok,rdl,0.7,True,0.0,up,0,,True,7
0.2667,left,175.18207828096234,175.40888487971455,178.6256993494326,174.60987519489868,178.88349395565214,174.49906234932496,174.74785945936725,174.3780932050279,175.87497737206672,175.9720378102351,-0.999595757548703,-0.9996289514699704,175.4 deg,178.9 deg,174.5 deg,174.4 deg,176.0 deg,0.972,True,ok,rdl,0.7,True,0.0,up,0,,True,8
0.3,left,175.12733363197057,175.3289230069095,178.51193685768817,174.5934675131309,178.79704647223886,174.53314936826294,175.10951502029204,174.50063143316336,175.87787442468064,175.93626438285702,-0.999592309775032,-0.9996163127923975,175.3 deg,178.8 deg,174.5 deg,174.5 deg,175.9 deg,0.973,True,ok,rdl,0.7,True,0.0,up,0,,True,9
0.3333,left,175.03252511592478,175.24653990544977,178.31193601072292,174.59756477568985,178.6912811536347,174.56405846573844,175.1284192932687,174.66491219100627,175.88386494515072,175.90758318524306,-0.9995943438749266,-0.9996062106841778,175.2 deg,178.7 deg,174.6 deg,174.7 deg,175.9 deg,0.973,True,ok,rdl,0.7,True,0.0,up,0,,True,10
0.3667,left,174.98046075162264,175.18063868590164,178.09617684795305,174.62235946643656,178.57149599015446,174.59826047948795,174.928620467629,174.77847934135292,175.93735695518728,175.9012964796522,-0.9996120536131796,-0.9996035299355474,175.2 deg,178.6 deg,174.6 deg,174.8 deg,175.9 deg,0.974,True,ok,rdl,0.7,True,0.0,up,0,,True,11
0.4,left,175.2172151879951,175.15726774808056,178.15347406999146,174.5841966509488,178.4702991729855,174.60254928368167,174.86633801992386,174.86003404085469,176.14004008453307,175.92751091358386,-0.9996727346470597,-0.9996112607724836,175.2 deg,178.5 deg,174.6 deg,174.9 deg,175.9 deg,0.974,True,ok,rdl,0.7,True,0.0,up,0,,True,12
0.4333,left,175.4243557788631,175.1721192345938,178.09309544317867,175.0536306542911,178.36084484563932,174.66443530244024,174.6649430585384,174.8701619823114,176.38068953008465,175.99640231568517,-0.9997764727998427,-0.9996346527404335,175.2 deg,178.4 deg,174.7 deg,174.9 deg,176.0 deg,0.975,True,ok,rdl,0.7,True,0.0,up,0,,True,13
0.4667,left,175.80156685704875,175.25221937205535,178.2673125784728,174.7680442467461,178.29423302249137,174.68987692887745,173.90181715765533,174.76393035381065,176.67139190276316,176.10945645920947,-0.9998348265866176,-0.9996683569779087,175.3 deg,178.3 deg,174.7 deg,174.8 deg,176.1 deg,0.975,True,ok,rdl,0.7,True,0.0,up,0,,True,14
0.5,left,176.18207069901788,175.39507543177754,178.31495290984617,175.25909434771737,178.249840673979,174.78262252213722,173.78129370017368,174.6258495310687,177.02651802724515,176.27396226709212,-0.9999220462642646,-0.9997149696515605,175.4 deg,178.2 deg,174.8 deg,174.6 deg,176.3 deg,0.975,True,ok,rdl,0.7,True,0.0,up,0,,True,15
0.5333,left,176.72995952298268,175.62402198763638,178.60913925190033,174.8365401031962,178.26372673029505,174.81734717786085,173.7887068729156,174.43716265287208,177.42260600697097,176.49463820741926,-0.9999674391000991,-0.9997685595551414,175.6 deg,178.3 deg,174.8 deg,174.4 deg,176.5 deg,0.975,True,ok,rdl,0.7,True,0.0,up,0,,True,16
0.5667,left,177.87247118131492,176.02972856840645,179.12374316972222,174.78977345369333,178.3796991815807,174.84480556043277,174.94247020004738,174.41059849669765,178.30904022070962,176.84109181821344,-0.999999163431954,-0.999826390920431,176.0 deg,178.4 deg,174.8 deg,174.4 deg,176.8 deg,0.975,True,ok,rdl,0.7,True,0.0,up,0,,True,17
0.6,left,178.474147686371,176.5288267019419,179.21142490186477,174.30873253631998,178.5390203321395,174.80000171327325,174.06003389017187,174.286514699918,178.86185179017392,177.2588767946401,-0.9999734591959032,-0.9998780202893915,176.5 deg,178.5 deg,174.8 deg,174.3 deg,177.3 deg,0.975,True,ok,rdl,0.7,True,0.0,up,0,,True,18
0.6333,left,179.57021653811532,177.15068403767341,179.43076101340657,174.82267023478664,178.7214898954845,174.83406936810727,172.43589334772386,173.93930831817514,179.84934213656234,177.78877708778714,-0.999801551908207,-0.9998964227552698,177.2 deg,178.7 deg,174.8 deg,173.9 deg,177.8 deg,0.975,True,ok,rdl,0.7,True,0.0,up,0,,True,19
0.6667,left,179.32594350676555,177.70805371308802,179.14133809486938,175.95397296235845,178.87123884572603,174.96268969783114,172.04744288470786,173.56537972191364,178.9033561900124,178.14915803920536,-0.9992768393394467,-0.9998250465466417,177.7 deg,178.9 deg,175.0 deg,173.6 deg,178.1 deg,0.975,True,ok,rdl,0.7,True,0.0,up,0,,True,20
0.7,left,177.85908246838997,178.0019845147082,178.97894170141507,175.45976711228187,178.9729001490035,175.06150725005054,171.6196692340302,173.23935858996722,177.3564716698237,178.24702657735685,-0.998374335905267,-0.9996164050207347,178.0 deg,179.0 deg,175.1 deg,173.2 deg,178.2 deg,0.975,True,ok,rdl,0.7,True,0.0,up,0,,True,21
0.7333,left,177.21266078460005,178.14921166979136,178.89712855575988,176.4866494499601,179.05606809841973,175.23687226465668,172.27546308850347,173.02423993115718,176.66986299686445,178.19607585873106,-0.9974699177428282,-0.9992661009462437,178.1 deg,179.1 deg,175.2 deg,173.0 deg,178.2 deg,0.974,True,ok,rdl,0.7,True,0.0,up,0,,True,22
0.7667,left,176.45801020764662,178.1103617676005,178.98220488266605,176.8226942969451,179.10936318852916,175.52060857804938,172.422544111768,172.8290738224218,175.95237603198322,177.9860430051614,-0.996546253240474,-0.9987773601091544,178.1 deg,179.1 deg,175.5 deg,172.8 deg,178.0 deg,0.975,True,ok,rdl,0.7,True,0.0,up,0,,True,23
0.8,left,174.82074048862816,177.6744002400738,179.28536257972715,177.6332154575942,179.13245167567268,175.92681457860658,171.95357729082133,172.40208912110378,174.46642978370946,177.43709865701848,-0.9946836152426412,-0.9980179960821097,177.7 deg,179.1 deg,175.9 deg,172.4 deg,177.4 deg,0.975,True,ok,rdl,0.7,True,0.0,up,0,,True,24
0.8333,left,173.7859613947986,177.00465934127774,179.07380445907407,179.31072957475746,179.1127916124169,176.6413855840977,173.50716474117215,172.32310781410385,173.32253229100246,176.64576729999402,-0.9925804151809773,-0.9969618469371202,177.0 deg,179.1 deg,176.6 deg,172.3 deg,176.6 deg,0.976,True,ok,rdl,0.7,True,0.0,up,0,,True,25
0.8667,left,172.74366194353445,176.02943725633764,179.2423024136477,178.4507289865483,179.08586895530843,177.1596796914922,172.27109415199243,172.29956507185648,172.36282385354568,175.57626468813447,-0.9909307012122927,-0.9956945825519894,176.0 deg,179.1 deg,177.2 deg,172.3 deg,175.6 deg,0.977,True,ok,rdl,0.7,True,0.0,up,0,,True,26
0.9,left,170.11097163246166,174.71301270286565,179.93744274210025,178.93467299231477,179.19959819062714,177.58549398148597,171.37112654973123,172.20294845257408,170.14517309015065,174.3250956738685,-0.9867930509010914,-0.9939111842036531,174.7 deg,179.2 deg,177.6 deg,172.2 deg,174.3 deg,0.978,True,ok,rdl,0.7,True,0.0,up,0,,True,27
0.9333,left,167.42626027980253,173.22260953306744,179.59992610116214,179.69738802097828,179.2883102477339,178.19086839701404,170.92331288519475,172.10346897416906,167.6283919438935,172.93536999873564,-0.9811732864862117,-0.9914538914295025,173.2 deg,179.3 deg,178.2 deg,172.1 deg,172.9 deg,0.979,True,ok,rdl,0.7,True,0.0,up,0,,True,28
0.9667,left,165.4811744819516,171.54668291840335,179.40652711901373,179.555006126093,179.36108147105583,178.629205065033,171.27575244955696,171.96065316860523,165.7866408349967,171.38062397561166,-0.9757320880597004,-0.9883484871890555,171.5 deg,179.4 deg,178.6 deg,172.0 deg,171.4 deg,0.98,True,ok,rdl,0.7,True,0.0,up,0,,True,29
1.0,left,163.33291688906837,169.6716695871779,178.7671061912751,179.0344968403936,179.33035308657145,178.94517685695422,172.2949245250199,171.94242179906982,163.97146496171823,169.66906525128806,-0.9696473812628708,-0.984505791192255,169.7 deg,179.3 deg,178.9 deg,171.9 deg,169.7 deg,0.981,True,ok,rdl,0.7,True,0.0,up,0,,True,30
1.0333,left,160.39315602703874,167.6105860926651,177.99796825596252,178.7693302850276,179.14643961174792,179.10747897515898,172.92041271017183,172.08054114469132,161.42681468306705,167.80626309405346,-0.9613970935971416,-0.9797505738143265,167.6 deg,179.1 deg,179.1 deg,172.1 deg,167.8 deg,0.982,True,ok,rdl,0.7,True,0.0,up,0,,True,31
1.0667,left,156.0673648096322,165.07935800906992,176.040420182401,177.89773490904895,178.71309900079467,178.9056225943435,174.3937020449775,172.20718933094923,158.09415694482232,165.63078090174199,-0.9501663706532965,-0.9736914245960865,165.1 deg,178.7 deg,178.9 deg,172.2 deg,165.6 deg,0.983,True,ok,rdl,0.7,True,0.0,up,0,,True,32
1.1,left,152.39329383426073,162.17216256488797,174.4220893952319,178.15379205290014,178.02449714102093,178.86320303239376,173.76529863227296,172.42064711384646,155.23805087411802,163.18438476182376,-0.9383785256343642,-0.9661839709420966,162.2 deg,178.0 deg,178.9 deg,172.4 deg,163.2 deg,0.983,True,ok,rdl,0.7,True,0.0,up,0,,True,33
1.1333,left,150.2380680358286,159.33317633679752,174.43000036407534,178.5053759082034,177.23771965844597,178.8018748775207,173.71899253752883,172.7560565406747,153.06732848950102,160.74469267601668,-0.9281726612907457,-0.95780962956919,159.3 deg,177.2 deg,178.8 deg,172.8 deg,160.7 deg,0.983,True,ok,rdl,0.7,True,0.0,up,0,,True,34
1.1667,left,148.28015237757091,156.59801806505016,174.55889103041196,178.36745211128445,176.51757179119596,178.61188403327873,173.65532275623102,173.14634366510845,151.0356795699472,158.37430519402437,-0.9182704152678656,-0.9488235051094264,156.6 deg,176.5 deg,178.6 deg,173.1 deg,158.4 deg,0.983,True,ok,rdl,0.7,True,0.0,down,0,,True,35
1.2,left,146.55873641363934,153.89481262671984,174.75547571847827,178.31135645556503,175.8531358768337,178.4342197946319,173.72099062751357,173.4956634048165,149.18273872759863,156.00231917868177,-0.9081491340466092,-0.9391687973932704,153.9 deg,175.9 deg,178.4 deg,173.5 deg,156.0 deg,0.983,True,ok,rdl,0.7,True,0.0,down,0,,True,36
1.2333,left,145.27148415603526,151.31460795057225,174.69245064567977,179.2392097122355,175.27104222746297,178.4634644906093,174.40356876143747,173.79689829573334,147.91439558919527,153.70845212546422,-0.8993910440528733,-0.9291321777918423,151.3 deg,175.3 deg,178.5 deg,173.8 deg,153.7 deg,0.983,True,ok,rdl,0.7,True,0.0,down,0,,True,37
1.2667,left,142.92964355212192,148.81982045415558,174.22460176293976,178.3799667663737,174.73198987131687,178.40784113080161,175.32014422003328,174.1397170828564,145.78184103174888,151.47345588956162,-0.8859142010401165,-0.9183489074265531,148.8 deg,174.7 deg,178.4 deg,174.1 deg,151.5 deg,0.983,True,ok,rdl,1.0,True,0.0,down,0,,True,38
1.3,left,140.89993395152598,146.65304461728326,173.5810929989317,178.40308324647555,174.38065741653548,178.48003375043396,174.70764613914474,174.184566239166,144.06822669986826,149.46975156885392,-0.8741668416146413,-0.9074918318496022,146.7 deg,174.4 deg,178.5 deg,174.2 deg,149.5 deg,0.983,True,ok,rdl,1.0,True,0.0,down,0,,True,39
1.3333,left,139.82612880156873,144.85773532689868,173.45992035997506,179.4280176543697,174.24320469721312,178.66206597921536,174.52979593137061,174.2937801390371,143.0326503863248,147.7261229277406,-0.8659266365384719,-0.8971415619787605,144.9 deg,174.2 deg,178.7 deg,174.3 deg,147.7 deg,0.983,True,ok,rdl,1.0,True,0.0,down,0,,True,40
1.3667,left,138.19372967634078,143.13711556125756,173.61017857639146,178.25201937555434,174.12608729897258,178.6258721888369,174.14391718286925,174.3544836598,141.34837256601892,146.05198636724316,-0.8523767901771742,-0.8863135803911074,143.1 deg,174.1 deg,178.6 deg,174.4 deg,146.1 deg,0.983,True,ok,rdl,1.0,True,0.0,down,0,,True,41
1.4,left,136.8124579747201,141.49887350370744,173.89166701005527,177.25733198452028,174.03076958177874,178.46728359929918,174.4662527082495,174.47033079580265,139.82697052677707,144.45074221821886,-0.8395690482506265,-0.8750705279600732,141.5 deg,174.0 deg,178.5 deg,174.5 deg,144.5 deg,0.982,True,ok,rdl,1.0,True,0.0,down,0,,True,42
1.4333,left,135.63193864223462,139.9379023935068,173.66701490385765,176.93969749849876,173.8752751796901,178.27133231971828,175.0667978563869,174.66258897135597,138.75957863482694,142.9617193478229,-0.8293817069910734,-0.863818038380711,139.9 deg,173.9 deg,178.3 deg,174.7 deg,143.0 deg,0.981,True,ok,rdl,1.0,True,0.0,down,0,,True,43
1.4667,left,134.3917601075339,138.3836561008637,173.38081975482172,176.74508164855973,173.68789933813895,177.91502831062172,174.7243707333984,174.70841782449324,137.646920788837,141.494937233486,-0.8196855647796805,-0.8524315413416835,138.4 deg,173.7 deg,177.9 deg,174.7 deg,141.5 deg,0.979,True,ok,rdl,1.0,True,0.0,down,0,,True,44
1.5,left,133.27667020118378,137.00465990787256,173.1433337461698,176.40538869296412,173.5334324786004,177.6329457287061,174.37206989271388,174.57297863487616,136.67709498604782,140.19425922695726,-0.809817957908339,-0.8415606494657153,137.0 deg,173.5 deg,177.6 deg,174.6 deg,140.2 deg,0.977,True,ok,rdl,1.0,True,0.0,down,0,,True,45
1.5333,left,132.1690173764339,135.75738611143083,173.17125206488942,175.49776142805524,173.4748837737372,177.21789975464603,174.4613676529951,174.53779599399763,135.5662065701332,138.9796849227094,-0.7994918154659683,-0.8308927885873334,135.8 deg,173.5 deg,177.2 deg,174.5 deg,139.0 deg,0.975,True,ok,rdl,1.0,True,0.0,down,0,,True,46
1.5667,left,131.09083485369516,134.50948697602033,172.83814869486773,175.1660032970076,173.3860592501504,176.60904056073716,174.39034710968897,174.51787473375742,134.66718505249224,137.7846184464476,-0.7912690249570774,-0.820227415504277,134.5 deg,173.4 deg,176.6 deg,174.5 deg,137.8 deg,0.974,True,ok,rdl,1.0,True,0.0,down,0,,True,47
1.6,left,130.3082045997801,133.38298339365448,172.6088271859005,175.20155348602879,173.24300905150884,176.17325971937635,173.99259939338341,174.49625790668802,134.0241626488,136.73830274398776,-0.7838108186235819,-0.8104322767109068,133.4 deg,173.2 deg,176.2 deg,174.5 deg,136.7 deg,0.974,True,ok,rdl,1.0,True,0.0,down,0,,True,48
1.6333,left,129.25732561118213,132.30367877029195,172.3768414077789,175.1018696985531,173.0266053940408,175.86533653566678,173.2175066073098,174.3178656065538,133.10104447671952,135.7774561654081,-0.7747734303001992,-0.8011757598608457,132.3 deg,173.0 deg,175.9 deg,174.3 deg,135.8 deg,0.974,True,ok,rdl,1.0,True,0.0,down,0,,True,49
1.6667,left,128.48931172797208,131.28330349682588,172.35676179594898,173.92461995451427,172.83942637862532,175.43461117224044,173.17587784788276,174.04773417676748,132.34133692713627,134.86056449288088,-0.7658169415891999,-0.7920950790891493,131.3 deg,172.8 deg,175.4 deg,174.0 deg,134.9 deg,0.973,True,ok,rdl,1.0,True,0.0,down,0,,True,50
1.7,left,128.08539320854217,130.38239393982707,172.1906316126427,174.12847366418302,172.6693995011711,175.06081003161515,172.81842572127317,173.77545631789243,132.04851113246565,134.0607916848278,-0.7627219798885696,-0.783957424104705,130.4 deg,172.7 deg,175.1 deg,173.8 deg,134.1 deg,0.971,True,ok,rdl,1.0,True,0.0,down,0,,True,51
1.7333,left,127.73739116208772,129.59106836281333,172.20215125248527,174.27337146839497,172.5349448592162,174.75623614239097,173.016828748737,173.58185044018146,131.68791055509436,133.34805105183446,-0.7593156973592523,-0.7767428154548355,129.6 deg,172.5 deg,174.8 deg,173.6 deg,133.3 deg,0.97,True,ok,rdl,1.0,True,0.0,down,0,,True,52
1.7667,left,127.35657815142933,128.90357704495554,172.2158559815875,174.0037696556424,172.39845970445882,174.542808746332,173.0814235532164,173.3847155687845,131.2995020382425,132.73852183299292,-0.754811915782181,-0.7703599726428658,128.9 deg,172.4 deg,174.5 deg,173.4 deg,132.7 deg,0.969,True,ok,rdl,1.0,True,0.0,down,0,,True,53
1.8,left,127.12410735685005,128.33690168826337,172.2458683776291,173.84963934925227,172.31384823056754,174.35475675379556,172.71578527709107,173.14549244984192,131.06021949277442,132.22324103874752,-0.7522950501451849,-0.7647922619554527,128.3 deg,172.3 deg,174.4 deg,173.1 deg,132.2 deg,0.968,True,ok,rdl,1.0,True,0.0,down,0,,True,54
1.8333,left,126.73309349780234,127.82617153083797,172.11297542310274,173.32226797034747,172.24301226445363,174.0862873944125,172.40792567712728,172.91911049037677,130.72726395287975,131.75225551075894,-0.7496274552386263,-0.7599089243290305,127.8 deg,172.2 deg,174.1 deg,172.9 deg,131.8 deg,0.965,True,ok,rdl,1.0,True,0.0,down,0,,True,55
1.8667,left,126.58320955860032,127.44415495189772,171.93990165870224,173.42031132035984,172.1805923002998,173.8460647689563,172.11436925616346,172.76151944021302,130.69304176760602,131.40825512374272,-0.7485010771141122,-0.7561557310167324,127.4 deg,172.2 deg,173.8 deg,172.8 deg,131.4 deg,0.964,True,ok,rdl,1.0,True,0.0,down,0,,True,56
1.9,left,126.24622398862128,127.12371384627617,171.68622143064957,172.89391667946066,172.08480081954275,173.69882144394867,172.0294931266125,172.59775019431729,130.47832389470432,131.14211040482385,-0.746584530950278,-0.7534082437826006,127.1 deg,172.1 deg,173.7 deg,172.6 deg,131.1 deg,0.963,True,ok,rdl,1.0,True,0.0,down,0,,True,57
1.9333,left,126.2655062714623,126.86372999812191,171.70187149259286,172.83458855073627,172.01497794524988,173.51398071345628,171.40499437894962,172.39583143112822,130.50583790186354,130.92172851473785,-0.7472111491441924,-0.7511924108191181,126.9 deg,172.0 deg,173.5 deg,172.4 deg,130.9 deg,0.96,True,ok,rdl,1.0,True,0.0,down,0,,True,58
1.9667,left,126.456171706817,126.68069864736894,171.41709111976087,173.2738672700317,171.90282649771783,173.37119439940437,170.8557393802761,172.08710437849095,130.8390592648727,130.8004640447062,-0.7513125522539744,-0.750049104375507,126.7 deg,171.9 deg,173.4 deg,172.1 deg,130.8 deg,0.96,True,ok,rdl,1.0,True,0.0,down,0,,True,59
2.0,left,126.64302938257299,126.5787631089609,171.52645494050293,173.13235797893964,171.80434063470574,173.24670701701825,171.77294896141356,171.9001794368048,130.96317172505942,130.75241685710859,-0.752754655979339,-0.7497552101179581,126.6 deg,171.8 deg,173.2 deg,171.9 deg,130.8 deg,0.96,True,ok,rdl,1.0,True,0.0,down,0,,True,60
2.0333,left,127.03261428840766,126.56569267061198,171.6011078759533,173.55438885952677,171.71223199160917,173.20452837562894,171.6105824160481,171.74229331379865,131.30788041717318,130.78779698916557,-0.7570343706761826,-0.7504322559081008,126.6 deg,171.7 deg,173.2 deg,171.7 deg,130.8 deg,0.96,True,ok,rdl,1.0,True,0.0,down,0,,True,61
2.0667,left,127.42029064863947,126.66386369216015,171.5850838056581,172.95368605789236,171.63681890340285,173.15187381670677,171.72758509816137,171.64510180251781,131.69929401380648,130.9266584264408,-0.7615102639666399,-0.7521298000121026,126.7 deg,171.6 deg,173.2 deg,171.6 deg,130.9 deg,0.961,True,ok,rdl,1.0,True,0.0,down,0,,True,62
2.1,left,128.4342749347192,126.92830160303427,171.43232184618566,172.93847428480146,171.56430750161476,173.08303995448412,172.24758975291695,171.66413330205407,132.77925160308303,131.22468840293752,-0.7745429387470062,-0.7558500659596589,126.9 deg,171.6 deg,173.1 deg,171.7 deg,131.2 deg,0.962,True,ok,rdl,1.0,True,0.0,down,0,,True,63
2.1333,left,129.85319864618882,127.4435836969725,171.4433780795325,173.60505609457496,171.52961559431233,173.18463129950047,172.2725163268946,171.69885090209436,134.1538417723947,131.74976238546472,-0.7893797820516617,-0.7619636732598566,127.4 deg,171.5 deg,173.2 deg,171.7 deg,131.7 deg,0.962,True,ok,rdl,1.0,True,0.0,down,0,,True,64
2.1667,left,131.53947866063015,128.19700832399647,171.47004474932191,175.43876222635208,171.49649748813073,173.55665611030273,172.6414721802301,171.87549058799155,135.82791342931694,132.51005888938664,-0.8066745424257743,-0.7704584437286541,128.2 deg,171.5 deg,173.6 deg,171.9 deg,132.5 deg,0.963,True,ok,rdl,1.0,True,0.0,down,0,,True,65
2.2,left,132.56770217685354,129.07008410543025,171.58597064370923,174.83498452734173,171.5206231344091,173.779672861347,173.38737054830406,172.2371521834241,136.7994606121752,133.36154479614416,-0.8157235211519789,-0.7796600107140833,129.1 deg,171.5 deg,173.8 deg,172.2 deg,133.4 deg,0.964,True,ok,rdl,1.0,True,0.0,down,0,,True,66
2.2333,left,134.49389493606202,130.19163632735726,171.7859421037157,176.6000453257808,171.55769272915379,174.2750567680386,173.4766425900339,172.48053698751272,138.61351404491376,134.4544508418376,-0.8325266751377401,-0.7910560134509977,130.2 deg,171.6 deg,174.3 deg,172.5 deg,134.5 deg,0.966,True,ok,rdl,1.0,True,0.0,down,0,,True,67
2.2667,left,136.30212078611297,131.51585154131516,171.69761328909144,178.01633279580176,171.57147921674496,174.9124773303636,174.03553192062648,172.8269583453096,140.4562077329254,135.7613547440879,-0.8486955682488322,-0.8041504702470904,131.5 deg,171.6 deg,174.9 deg,172.8 deg,135.8 deg,0.967,True,ok,rdl,1.0,True,0.0,down,0,,True,68
2.3,left,137.91078009189889,133.01449289035222,171.89167259396217,178.03636330841198,171.6152776150741,175.63857408043785,172.6972775446319,172.96548583766253,142.01048166074267,137.2343815507931,-0.8622035278055196,-0.8185352222240733,133.0 deg,171.6 deg,175.6 deg,173.0 deg,137.2 deg,0.968,True,ok,rdl,1.0,True,0.0,down,0,,True,69
2.3333,left,139.7984553147486,134.63794723035645,171.98957085808814,177.59197787043686,171.69488461677446,176.30336030695716,172.76722277311296,173.039719126262,143.84869574230572,138.8157307135392,-0.8762436289580077,-0.8330638922542164,134.6 deg,171.7 deg,176.3 deg,173.0 deg,138.8 deg,0.97,True,ok,rdl,1.0,True,0.0,down,0,,True,70
2.3667,left,142.30066949663117,136.4161573518482,172.48986584558014,177.73583311682535,171.84438286906698,176.8934713101358,173.6132785898116,173.231256592393,146.1117985162779,140.52401024837965,-0.8903183472741891,-0.8474836872860061,136.4 deg,171.8 deg,176.9 deg,173.2 deg,140.5 deg,0.971,True,ok,rdl,1.0,True,0.0,down,0,,True,71
2.4,left,145.12630669143846,138.3571327848208,172.64619325451238,178.78791545203714,172.0124040840942,177.37192177094795,174.3951005254762,173.48177492742818,148.82261997889754,142.38039689831973,-0.9072418759456116,-0.8618504492174114,138.4 deg,172.0 deg,177.4 deg,173.5 deg,142.4 deg,0.972,True,ok,rdl,1.0,True,0.0,down,0,,True,72
2.4333,left,148.27131965261842,140.60050670993007,173.26314562762988,178.95507335737105,172.25200051036856,177.96050588952355,174.59683937085717,173.6545561877929,151.65094179318552,144.5020370670355,-0.9223273257182611,-0.8770795641554515,140.6 deg,172.3 deg,178.0 deg,173.7 deg,144.5 deg,0.974,True,ok,rdl,1.0,True,0.0,down,0,,True,73
2.4667,left,150.34888205818757,142.8655048702337,173.74157033635584,179.69289511585959,172.5313759721743,178.4023415738205,174.8108759321731,173.84516095095563,153.4806112390127,146.62590809476393,-0.9319897208444399,-0.8912885706849802,142.9 deg,172.5 deg,178.4 deg,173.8 deg,146.6 deg,0.975,True,ok,rdl,1.0,True,0.0,down,0,,True,74
2.5,left,152.56226285948068,145.18838230928625,174.1002651739522,179.7375573611974,172.87461195572584,178.64823079744846,175.11252037205904,173.9990164440174,155.53745769788875,148.78037237547298,-0.9413535305509064,-0.9045254224424194,145.2 deg,172.9 deg,178.6 deg,174.0 deg,148.8 deg,0.976,True,ok,rdl,1.0,True,0.0,down,0,,True,75
2.5333,left,153.6951176695425,147.44328767752106,173.7958128592928,177.89540877224962,173.14663199363017,178.62809443513953,175.87326858876312,174.45272945032187,156.8400218160061,150.89887811193915,-0.9467284759876474,-0.9166004150398662,147.4 deg,173.1 deg,178.6 deg,174.5 deg,150.9 deg,0.977,True,ok,rdl,1.0,True,0.0,down,0,,True,76
2.5667,left,156.47531255713557,149.8256958550049,174.22405878927387,178.92261815248028,173.46584455522816,178.8181859040029,175.87156051151115,174.89620627009305,159.42754460174012,153.12442794900124,-0.9570937920756731,-0.9281504383423899,149.8 deg,173.5 deg,178.8 deg,174.9 deg,153.1 deg,0.978,True,ok,rdl,1.0,True,0.0,down,0,,True,77
2.6,left,159.85441575199553,152.33337389148554,174.91057192104876,178.7795491765286,173.81165970886656,178.96728819824625,174.44511506541448,175.01504005232206,162.47003930586294,155.4613194903705,-0.9665310513367844,-0.9390379674941892,152.3 deg,173.8 deg,179.0 deg,175.0 deg,155.5 deg,0.98,True,ok,rdl,0.7,True,0.0,down,0,,True,78
2.6333,left,163.12686230465832,154.90488183623123,176.5455457953891,178.64679280346985,174.3687100718489,178.9471278198795,173.52425067429223,174.8906329307243,164.90220425972836,157.75840295906067,-0.9741371070993564,-0.9485944290875813,154.9 deg,174.4 deg,178.9 deg,174.9 deg,157.8 deg,0.981,True,ok,rdl,0.7,True,0.0,down,0,,True,79
2.6667,left,165.47550867035412,157.36262312447917,177.53716717087806,178.54290034004026,174.97928457802723,178.88824596026078,173.02812994177995,174.6665315837133,166.7405258724337,159.91405782752466,-0.9794173993692046,-0.9567501538948591,157.4 deg,175.0 deg,178.9 deg,174.7 deg,159.9 deg,0.982,True,ok,rdl,0.7,True,0.0,down,0,,True,80
2.7,left,168.02822614970773,159.88824370898206,178.25201937555434,178.7800302869649,175.62363444076985,178.7578366989901,172.94520014828026,174.4000064717286,168.92372427635792,162.1202168328597,-0.9847471862033301,-0.9642869346604146,159.9 deg,175.6 deg,178.8 deg,174.4 deg,162.1 deg,0.983,True,ok,rdl,0.7,True,0.0,down,0,,True,81
2.7333,left,170.2715227958198,162.41813798560193,178.95245488539283,179.79729122072175,176.31680439954712,178.7663701074936,170.5581213770492,173.74937804387008,170.80125306207282,164.30075902774314,-0.9888530888048811,-0.971072585839554,162.4 deg,176.3 deg,178.8 deg,173.7 deg,164.3 deg,0.983,True,ok,rdl,0.7,True,0.0,up,1,,True,82
2.7667,left,171.8866136904044,165.01692313143937,178.93706354486818,178.93743179948723,177.05126878320075,178.91523053995616,171.76977542828993,173.16316473523102,172.42210385598187,166.52677074773968,-0.9920341994613037,-0.9775448320500763,165.0 deg,177.1 deg,178.9 deg,173.2 deg,166.5 deg,0.982,True,ok,rdl,0.7,True,0.0,up,1,,True,83
2.8,left,173.26049697022148,167.41480661902304,178.70941184977474,176.76577803194948,177.69203350612946,178.60711052273746,172.0728087688674,172.62048591485336,173.9061264194772,168.59513957884496,-0.994625621704126,-0.9829065219969981,167.4 deg,177.7 deg,178.6 deg,172.6 deg,168.6 deg,0.982,True,ok,rdl,0.7,True,0.0,up,1,,True,84
2.8333,left,175.54569810430962,169.65641838363936,179.4751133458133,175.2327638527375,178.34411085252438,178.10042690505298,171.79615508149968,172.24206306000838,175.80824272426116,170.50059721004473,-0.9968353330891834,-0.9872357051044836,169.7 deg,178.3 deg,178.1 deg,172.2 deg,170.5 deg,0.982,True,ok,rdl,0.7,True,0.0,up,1,,True,85
2.8667,left,176.82152382050685,171.61279860018914,179.38292748727778,173.74743128815646,178.74945109422274,177.40051811715108,171.6994345884345,171.981375047743,177.12982831679528,172.24740064676857,-0.9982027779485831,-0.9906736580829446,171.6 deg,178.7 deg,177.4 deg,172.0 deg,172.2 deg,0.98,True,ok,rdl,0.7,True,0.0,up,1,,True,86
2.9,left,178.27194957252792,173.44086158621397,179.5046492724071,174.21730980025063,179.03051996586973,176.78257661146682,171.63796621317007,171.78278022937016,178.5187910662402,173.93000996016949,-0.9991075103839084,-0.9934865310850451,173.4 deg,179.0 deg,176.8 deg,171.8 deg,173.9 deg,0.979,True,ok,rdl,0.7,True,0.0,up,1,,True,87
2.9333,left,179.2279757905071,175.0408258206139,179.80020804885055,175.1955966381519,179.2516897763406,176.27051466163644,171.21228584212324,171.5352210427763,179.32797864172198,175.41633201236436,-0.9995043933116334,-0.9955947035290885,175.0 deg,179.3 deg,176.3 deg,171.5 deg,175.4 deg,0.979,True,ok,rdl,0.7,True,0.0,up,1,,True,88
2.9667,left,179.58551302334692,176.37139585311775,179.69868401270637,175.30935732396406,179.3582939373854,175.6293812478139,171.9508208062081,171.73417810408472,179.73165902668467,176.6921042930232,-0.9997085103391111,-0.9971454780339786,176.4 deg,179.4 deg,175.6 deg,171.7 deg,176.7 deg,0.979,True,ok,rdl,0.7,True,0.0,up,1,,True,89
3.0,left,179.86877876663428,177.51170514972202,179.74899003243118,175.62547401871947,179.47428343560873,175.1562444219899,173.46201955735145,171.9759272653792,179.7497707819653,177.73891385387796,-0.9998918327896639,-0.9982679970808871,177.5 deg,179.5 deg,175.2 deg,172.0 deg,177.7 deg,0.978,True,ok,rdl,0.7,True,0.0,up,1,,True,90
3.0333,left,178.08388094981055,178.20076000394903,179.46624133013069,175.22475757158554,179.58240193280244,174.93609864193792,173.0488398425431,172.1153602759043,178.34400562437196,178.37289659743436,-0.9999991911720968,-0.9990356498620258,178.2 deg,179.6 deg,174.9 deg,172.1 deg,178.4 deg,0.977,True,ok,rdl,0.7,True,0.0,up,1,,True,91
3.0667,left,177.40859450518124,178.46688806121642,179.77971303862188,175.36802271942477,179.6259161746322,174.95542133717896,172.84579526183612,172.26530887309522,177.5169051657182,178.61699123192824,-0.999973509820401,-0.9994839608236282,178.5 deg,179.6 deg,175.0 deg,172.3 deg,178.6 deg,0.977,True,ok,rdl,0.7,True,0.0,up,1,,True,92
3.1,left,176.84098503637256,178.46966823491152,179.60090547966524,175.60670951683105,179.6570558878304,175.2210325127039,171.78204679721887,172.27711061720726,177.04090477018732,178.6042878681271,-0.9999194343313598,-0.9997291974497392,178.5 deg,179.7 deg,175.2 deg,172.3 deg,178.6 deg,0.976,True,ok,rdl,0.7,True,0.0,up,1,,True,93
3.1333,left,176.5676639851486,178.22619886528588,179.6341597601904,175.7587295087764,179.67555738608516,175.4412353282076,172.8720582867469,172.4534094848611,176.75182516699354,178.3518641682347,-0.9998873472112252,-0.9998406027107843,178.2 deg,179.7 deg,175.4 deg,172.5 deg,178.4 deg,0.976,True,ok,rdl,0.7,True,0.0,up,1,,True,94
3.1667,left,175.99102416879475,177.7637772050413,179.4736242922096,174.9790167867812,179.62890256370792,175.41029534944033,173.46177961511646,172.77476573814585,176.2551890221779,177.91289422258555,-0.9997470285719904,-0.9998752648908354,177.8 deg,179.6 deg,175.4 deg,172.8 deg,177.9 deg,0.976,True,ok,rdl,0.7,True,0.0,up,1,,True,95
3.2,left,175.73607081990536,177.21385689026388,179.37693169688487,174.4182961002029,179.58293794716198,175.28300088890305,173.91417421301225,173.05524479626072,176.0493819061519,177.38685463393804,-0.999646591959817,-0.9998664194080791,177.2 deg,179.6 deg,175.3 deg,173.1 deg,177.4 deg,0.976,True,ok,rdl,0.7,True,0.0,up,1,,True,96
3.2333,left,175.4956736484403,176.58912758766476,179.23382752174308,174.5902788675479,179.50934330277798,175.13511586730712,173.90815346520307,173.1189782116681,175.8834843359121,176.83452799878754,-0.9995910348114326,-0.9998234482683319,176.6 deg,179.5 deg,175.1 deg,173.1 deg,176.8 deg,0.976,True,ok,rdl,0.7,True,0.0,up,1,,True,97
3.2667,left,175.19408819593824,176.1763000513973,179.10912651669088,174.63746654264432,179.458326900858,175.05121714888693,173.96164644577738,173.24937915498728,175.64724299321344,176.44927619433633,-0.9995296369171821,-0.9997563690890583,176.2 deg,179.5 deg,175.1 deg,173.2 deg,176.4 deg,0.977,True,ok,rdl,0.7,True,0.0,up,1,,True,98
3.3,left,175.10691187159415,175.84748824659914,179.04263801200668,174.49718494555853,179.35303046848438,174.92681175262032,174.05337152561123,173.42189004981233,175.59122216989303,176.17417862350416,-0.9994976046699544,-0.9996883826389945,175.8 deg,179.4 deg,174.9 deg,173.4 deg,176.2 deg,0.977,True,ok,rdl,0.7,True,0.0,up,1,,True,99
3.3333,left,175.11023613666487,175.60023840378375,179.0236139199038,174.48914227128347,179.2705602456613,174.7671592889707,174.26447972103995,173.77652332464388,175.6041245106067,175.96892430070693,-0.9994825230375988,-0.9996259667398857,175.6 deg,179.3 deg,174.8 deg,173.8 deg,176.0 deg,0.977,True,ok,rdl,0.7,True,0.0,up,1,,True,100
3.3667,left,175.0100164593195,175.3777173286653,178.93375497599604,174.25676188701016,179.17050241934786,174.55259248586123,174.21249873404264,173.9680148171147,175.54754534058446,175.7968843255057,-0.9994422861280698,-0.9995623865851492,175.4 deg,179.2 deg,174.6 deg,174.0 deg,175.8 deg,0.978,True,ok,rdl,0.7,True,0.0,up,1,,True,101
3.4,left,174.92448833907943,175.2253550672774,178.74041262214828,174.1379622814106,179.0657578950534,174.43244184223684,174.39482080155213,174.101306415177,175.5561318330556,175.6970190127739,-0.9994184704505054,-0.9995154497106514,175.2 deg,179.1 deg,174.4 deg,174.1 deg,175.7 deg,0.978,True,ok,rdl,0.7,True,0.0,up,1,,True,102
3.4333,left,174.88683593635307,175.1040357981985,178.59667308780817,174.15711976617635,178.954292379471,174.39513093737588,174.42750280492322,174.17463907116425,175.58944549290462,175.63131381088144,-0.9994426750965741,-0.9994863187301882,175.1 deg,179.0 deg,174.4 deg,174.2 deg,175.6 deg,0.978,True,ok,rdl,0.7,True,0.0,up,1,,True,103
3.4667,left,174.93662394568057,175.02417155494712,178.46137592332732,174.1756669473074,178.84394215112587,174.33590066305584,174.60547799592356,174.27425686126713,175.70686596808096,175.60608261547696,-0.9994842934532273,-0.9994710699647305,175.0 deg,178.8 deg,174.3 deg,174.3 deg,175.6 deg,0.978,True,ok,rdl,0.7,True,0.0,up,1,,True,104
3.5,left,174.99007172145986,174.99502634430732,178.4870272327396,174.19261913229758,178.7550708248471,174.27235103300632,174.79575637563957,174.39341542267604,175.74950411560982,175.62069134724788,-0.9995063632592636,-0.9994677451564563,175.0 deg,178.8 deg,174.3 deg,174.4 deg,175.6 deg,0.979,True,ok,rdl,0.7,True,0.0,up,1,,True,105
3.5333,left,175.24704420258365,175.01504524873442,178.53419669006644,174.46058927296522,178.68243635028423,174.26712307977868,174.88748739787079,174.5125748329988,175.97873329505376,175.67605007941367,-0.9996091670448984,-0.999483682638591,175.0 deg,178.7 deg,174.3 deg,174.5 deg,175.7 deg,0.979,True,ok,rdl,0.7,True,0.0,up,1,,True,106
3.5667,left,175.4762340733918,175.06733066826686,178.51694258684833,174.20698108096846,178.61005473127628,174.22681433830513,174.95888346077064,174.6117753672461,176.2163309598819,175.76350814359586,-0.9996929596859858,-0.999513745016932,175.1 deg,178.6 deg,174.2 deg,174.6 deg,175.8 deg,0.978,True,ok,rdl,0.7,True,0.0,up,1,,True,107
3.6,left,175.74839841116514,175.17281380424478,178.60913925190033,173.9280089894736,178.5636810564055,174.17984963865703,175.15891641921857,174.74697789369978,176.4421256285822,175.89130532759555,-0.9997638656844422,-0.9995596849535567,175.2 deg,178.6 deg,174.2 deg,174.7 deg,175.9 deg,0.978,True,ok,rdl,0.7,True,0.0,up,1,,True,108
3.6333,left,176.5886051935245,175.41054478345123,178.89199502888766,173.88271927530192,178.5853356859397,174.14338635207008,174.50017724698446,174.76202881447583,177.13891359262698,176.11741700753433,-0.9998979048350136,-0.9996281755799151,175.4 deg,178.6 deg,174.1 deg,174.8 deg,176.1 deg,0.978,True,ok,rdl,0.7,True,0.0,up,1,,True,109
3.6667,left,177.11920838586335,175.72945513338126,179.00771042601718,173.85726233734331,178.64405530568385,174.10054957652252,174.26359130182277,174.73861288546146,177.61074575521724,176.4061741878647,-0.9999669964640384,-0.9997030786324099,175.7 deg,178.6 deg,174.1 deg,174.7 deg,176.4 deg,0.978,True,ok,rdl,0.7,True,0.0,up,1,,True,110
3.7,left,178.2560545288444,176.20365950240466,179.53102785046346,173.58757228751017,178.79686272384612,174.01653605369432,173.26442666897395,174.54703412446867,178.48806233503208,176.80348795457198,-0.9999969714692845,-0.9997763183489895,176.2 deg,178.8 deg,174.0 deg,174.5 deg,176.8 deg,0.978,True,ok,rdl,0.7,True,0.0,up,1,,True,111
3.7333,left,179.35018350364822,176.82653261414583,179.5223462218435,174.61136596637868,178.94476543657524,174.0763570299916,171.85150556105984,174.12642686524302,179.58645826694467,177.35162426190553,-0.9998233699540567,-0.9998216050196741,176.8 deg,178.9 deg,174.1 deg,174.1 deg,177.4 deg,0.978,True,ok,rdl,0.7,True,0.0,up,1,,True,112
3.7667,left,179.13385046995302,177.3817906523415,179.08016444849,176.76402307479813,179.0227608306358,174.40541900168205,170.65674603342922,173.52203524175135,178.67824973762185,177.7372694679867,-0.9990824693777295,-0.9997463624957929,177.4 deg,179.0 deg,174.4 deg,173.5 deg,177.7 deg,0.977,True,ok,rdl,0.7,True,0.0,up,1,,True,113
3.8,left,178.60310238594343,177.82848612556313,178.91447568583357,176.49842784773446,179.07955127334796,174.7327685397915,171.59070979885155,173.04086757576292,178.06346015292007,178.00114506699214,-0.9986183764774147,-0.9995928506088543,177.8 deg,179.1 deg,174.7 deg,173.0 deg,178.0 deg,0.977,True,ok,rdl,0.7,True,0.0,up,1,,True,114
3.8333,left,178.07745707201124,178.16120879139825,178.80941688560443,176.35502929719723,179.10816236387708,175.07948572660914,172.14921999374778,172.6109109435528,177.48603953976516,178.15027562573258,-0.9979672239388662,-0.9993361875023433,178.2 deg,179.1 deg,175.1 deg,172.6 deg,178.2 deg,0.976,True,ok,rdl,0.7,True,0.0,up,1,,True,115
3.8667,left,176.83330985406766,178.19616660004732,179.17291114793497,176.504415926242,179.14829323802672,175.45401381960056,172.01588500980182,172.2560120525267,176.42171227555767,178.04781829472267,-0.9968608331380637,-0.9989023201170648,178.2 deg,179.1 deg,175.5 deg,172.3 deg,178.0 deg,0.977,True,ok,rdl,0.7,True,0.0,up,1,,True,116
3.9,left,175.28760802221768,177.9345094052408,179.54200447630473,176.65092741059638,179.22462095949638,175.85310883006528,171.76543466706298,171.89913253327526,175.06104281350622,177.6835750173354,-0.9954037131233244,-0.9982504224969627,177.9 deg,179.2 deg,175.9 deg,171.9 deg,177.7 deg,0.976,True,ok,rdl,0.7,True,0.0,up,1,,True,117
3.9333,left,173.8907684401463,177.31089710685538,179.1560488634504,177.17000767594845,179.17105253278024,176.3648853141279,172.06100584148862,171.72721527220597,173.47159440953342,176.96693674226415,-0.9930063209576239,-0.9972517581381543,177.3 deg,179.2 deg,176.4 deg,171.7 deg,177.0 deg,0.977,True,ok,rdl,0.7,True,0.0,up,1,,True,118
3.9667,left,172.28883917254808,176.30213363098392,179.23280662333113,179.44538622647426,179.12968973299274,177.0554596369987,172.9112745604934,171.87861084355362,171.90361823559996,175.86938816635777,-0.9899045173278296,-0.9958347791915502,176.3 deg,179.1 deg,177.1 deg,171.9 deg,175.9 deg,0.978,True,ok,rdl,0.7,True,0.0,up,1,,True,119
4.0,left,169.70327039598726,174.95490790613167,179.90512721491882,179.96043531735157,179.24754155676828,177.5120899573635,171.96014296547494,172.06481040527441,169.7521048634886,174.59422461291015,-0.9857394284713846,-0.9939286304906438,175.0 deg,179.2 deg,177.5 deg,172.1 deg,174.6 deg,0.979,True,ok,rdl,0.7,True,0.0,up,1,,True,120
4.0333,left,167.92388172655734,173.42930495479075,179.93147195674447,179.79632822721476,179.39282673832696,177.98321858300355,171.359866552111,172.03183279859724,167.888282485563,173.1406278032877,-0.9814309025499908,-0.9914732770724404,173.4 deg,179.4 deg,178.0 deg,172.0 deg,173.1 deg,0.98,True,ok,rdl,0.7,True,0.0,up,1,,True,121
4.0667,left,165.87780784731214,171.68649792269093,179.77271805743342,179.6422725522684,179.53044119144542,178.45282476229937,171.47204808610195,171.9350939546478,165.99431240719105,171.49895249863428,-0.9762281032080088,-0.9883676883966037,171.7 deg,179.5 deg,178.5 deg,171.9 deg,171.5 deg,0.981,True,ok,rdl,0.7,True,0.0,up,1,,True,122
4.1,left,163.6673891779748,169.80565211182054,179.18530647462154,179.11441375194596,179.53221195240062,178.82568159454283,172.00608078889906,171.9336933516617,164.0883775450043,169.73704753712667,-0.9700321649485648,-0.9845350215123896,169.8 deg,179.5 deg,178.8 deg,171.9 deg,169.7 deg,0.982,True,ok,rdl,0.7,True,0.0,up,1,,True,123
4.1333,left,160.87095479725022,167.74613022253945,178.40848440437568,179.02441589924263,179.3702805135536,179.16475137863517,171.83335858452622,171.94339676844217,161.68898203335698,167.82675313996248,-0.9625478826084516,-0.9798413314388364,167.7 deg,179.4 deg,179.2 deg,171.9 deg,167.8 deg,0.983,True,ok,rdl,0.7,True,0.0,up,1,,True,124
4.1667,left,156.19812998539453,165.21861044328918,176.22975854386283,178.08194132485292,178.95223903932683,179.29502761419297,174.21758096493897,172.2514789289351,158.12387079848918,165.63422119552757,-0.9505179311505055,-0.9737715614663909,165.2 deg,179.0 deg,179.3 deg,172.3 deg,165.6 deg,0.983,True,ok,rdl,0.7,True,0.0,up,1,,True,125
4.2,left,152.98501236848972,162.46092089985228,174.98206130485394,178.27251591085752,178.34498970811583,179.12747471196195,173.6885065334617,172.36251206793057,155.52778568691693,163.29481654571572,-0.9395059207585138,-0.9665717619564885,162.5 deg,178.3 deg,179.1 deg,172.4 deg,163.3 deg,0.984,True,ok,rdl,0.7,True,0.0,up,1,,True,126
4.2333,left,150.38020966546233,159.70048365263443,174.5332720223906,178.31321173279238,177.57758182346893,178.89215705702492,173.9260398922348,172.64335448603907,153.12128042747145,160.91898448342752,-0.928502932321879,-0.9583951196494163,159.7 deg,177.6 deg,178.9 deg,172.6 deg,160.9 deg,0.984,True,ok,rdl,0.7,True,0.0,up,1,,True,127
4.2667,left,148.57863083752562,156.93687638277274,174.65393555528703,178.17222260981504,176.82364805183215,178.66014196882495,173.57620727908628,172.9599745898927,151.25670927230635,158.5430454529623,-0.9191313012744596,-0.9494951766100547,156.9 deg,176.8 deg,178.7 deg,173.0 deg,158.5 deg,0.983,True,ok,rdl,0.7,True,0.0,down,1,,True,128
4.3,left,146.75026487510675,154.20437024388625,174.77407734889044,178.4640491863538,176.1095565220403,178.49182434512292,173.51901428817936,173.2523983330466,149.3518449936842,156.16555010817564,-0.9091838550338793,-0.9399174268708934,154.2 deg,176.1 deg,178.5 deg,173.3 deg,156.2 deg,0.983,True,ok,rdl,0.7,True,0.0,down,1,,True,129
4.3333,left,145.14895620734166,151.5588798195101,174.6858093276367,178.96466807229433,175.46677121532818,178.47043210517268,173.94427028771372,173.52928254716304,147.7809162861783,153.83591278548622,-0.8991045459314752,-0.9297849098684521,151.6 deg,175.5 deg,178.5 deg,173.5 deg,153.8 deg,0.983,True,ok,rdl,0.7,True,0.0,down,1,,True,130
4.3667,left,143.18902012399772,149.0328891519026,174.29796377394632,178.77858752409355,174.8795539824097,178.43531376586566,174.79662239771824,173.9526059490476,145.9947394646419,151.59387813281265,-0.8870734700010512,-0.9190028509245378,149.0 deg,174.9 deg,178.4 deg,174.0 deg,151.6 deg,0.983,True,ok,rdl,1.0,True,0.0,down,1,,True,131
4.4,left,141.0350711962674,146.86673789631303,173.7000421623464,177.86091158742101,174.51816592790735,178.40373808908967,174.4868668249756,173.99107535762423,144.1344139477443,149.5953842969919,-0.8738829185553678,-0.9080549919823752,146.9 deg,174.5 deg,178.4 deg,174.0 deg,149.6 deg,0.983,True,ok,rdl,1.0,True,0.0,down,1,,True,132
4.4333,left,139.60429631158334,144.9552070310407,173.63600662158464,178.2583003189377,174.325872401726,178.401707290244,174.3173483950686,174.08090990928238,142.73462513903368,147.7677899330086,-0.8642489856913046,-0.897304001258488,145.0 deg,174.3 deg,178.4 deg,174.1 deg,147.8 deg,0.983,True,ok,rdl,1.0,True,0.0,down,1,,True,133
4.4667,left,137.96893623741767,143.18216796989145,173.66484806993557,178.01593819302695,174.20181183708956,178.3592396417061,174.21917431348834,174.12278625517573,141.12460209444123,146.0539787425757,-0.8524409457907175,-0.8864380031826079,143.2 deg,174.2 deg,178.4 deg,174.1 deg,146.1 deg,0.983,True,ok,rdl,1.0,True,0.0,down,1,,True,134
4.5,left,136.6510143096842,141.47822275162838,173.86828288187206,177.17457656991357,174.08957574088748,178.21671877886297,174.67472202054444,174.2797169325269,139.69940175253402,144.40293481117965,-0.8398402293489728,-0.8751107071932527,141.5 deg,174.1 deg,178.2 deg,174.3 deg,144.4 deg,0.982,True,ok,rdl,1.0,True,0.0,down,1,,True,135
4.5333,left,135.65793644200215,139.893604404042,173.83925661500516,176.3125169080561,173.95602992176097,177.90935702482042,174.54428822437313,174.42618463769742,138.69710946709893,142.8808297359532,-0.8289649381704011,-0.8636508619270415,139.9 deg,174.0 deg,177.9 deg,174.4 deg,142.9 deg,0.98,True,ok,rdl,1.0,True,0.0,down,1,,True,136
4.5667,left,134.22654644112887,138.3332601517259,173.50728554617305,175.9528114960626,173.7876693815519,177.47909179964452,174.5276468739323,174.50952415001439,137.42712675683245,141.40171694604663,-0.8177944586958866,-0.8520351351791003,138.3 deg,173.8 deg,177.5 deg,174.5 deg,141.4 deg,0.979,True,ok,rdl,1.0,True,0.0,down,1,,True,137
4.6,left,132.99095668339143,136.876393945925,173.21054120983814,175.57074488478872,173.632323300965,177.0208285654581,174.61707833650343,174.4838749984123,136.36762387415382,140.02641471883408,-0.8072729551448744,-0.8406350616282179,136.9 deg,173.6 deg,177.0 deg,174.5 deg,140.0 deg,0.977,True,ok,rdl,1.0,True,0.0,down,1,,True,138
4.6333,left,131.45260137522618,135.50746968577627,172.5719650215258,174.05271229015628,173.4711694237049,176.47680009442027,174.6595465552721,174.50854353131177,135.16156709199112,138.74457945372646,-0.795835864838452,-0.8294854825258013,135.5 deg,173.5 deg,176.5 deg,174.5 deg,138.7 deg,0.975,True,ok,rdl,1.0,True,0.0,down,1,,True,139
4.6667,left,131.35418322060704,134.3288821013511,172.33066733766384,175.791084269264,173.28469238314483,176.1243406587526,174.3045671260977,174.5067176357445,135.1948845534545,137.6674736557866,-0.7950549223940184,-0.8196006163404747,134.3 deg,173.3 deg,176.1 deg,174.5 deg,137.7 deg,0.975,True,ok,rdl,1.0,True,0.0,down,1,,True,140
4.7,left,130.16166997719276,133.2135583498904,172.13151351396252,175.44981216499679,173.06564458943436,175.75775122617685,174.1566501294816,174.49778560945782,134.11387215043789,136.66594080664325,-0.784746033884013,-0.809929914639517,133.2 deg,173.1 deg,175.8 deg,174.5 deg,136.7 deg,0.974,True,ok,rdl,1.0,True,0.0,down,1,,True,141
4.7333,left,128.81738355004435,132.0944682413704,171.78541624973795,173.86658858826692,172.7680922134152,175.28518151451303,174.09481883398254,174.41494229709184,132.9846073542812,135.7066844640357,-0.7736738009150691,-0.8004775677203878,132.1 deg,172.8 deg,175.3 deg,174.4 deg,135.7 deg,0.974,True,ok,rdl,1.0,True,0.0,down,1,,True,142
4.7667,left,128.14895064592878,131.0217559847885,171.71800136742667,173.89551951640794,172.46505574947543,174.93989617284902,173.53043079463342,174.27010552141473,132.3481430399429,134.7996892601563,-0.7671860426320826,-0.7916520112149137,131.0 deg,172.5 deg,174.9 deg,174.3 deg,134.8 deg,0.974,True,ok,rdl,1.0,True,0.0,down,1,,True,143
4.8,left,127.86573304801992,130.1130683572015,171.87848727732685,173.6481263697626,172.2323702824974,174.61065544052045,172.87431545704231,174.03391531900186,131.97795150138376,134.02123565223502,-0.7631934009326647,-0.783851860105882,130.1 deg,172.2 deg,174.6 deg,174.0 deg,134.0 deg,0.972,True,ok,rdl,1.0,True,0.0,down,1,,True,144
4.8333,left,127.31211075579658,129.30180465325938,171.70572940538915,173.5269764737185,172.01739716757612,174.31868852465328,172.8898872884502,173.78717374070854,131.53084681475474,133.3302675008923,-0.7589879431112951,-0.7769540012439421,129.3 deg,172.0 deg,174.3 deg,173.8 deg,133.3 deg,0.972,True,ok,rdl,1.0,True,0.0,down,1,,True,145
4.8667,left,126.84764898252979,128.64395431144558,171.7780578012069,173.4415360689967,171.9039818503877,174.23137763591623,172.9050507176211,173.536531478187,131.0293105353871,132.7399451356632,-0.7536902475384304,-0.7709331987725104,128.6 deg,171.9 deg,174.2 deg,173.5 deg,132.7 deg,0.97,True,ok,rdl,1.0,True,0.0,down,1,,True,146
4.9,left,126.83735189512659,127.99869269351983,171.78737642088834,173.51547530388385,171.82636886227692,173.90629064086193,172.65588489983836,173.3010054458642,130.99834368193848,132.14043929687517,-0.7528786721148155,-0.7649080201611956,128.0 deg,171.8 deg,173.9 deg,173.3 deg,132.1 deg,0.967,True,ok,rdl,1.0,True,0.0,down,1,,True,147
4.9333,left,126.77950401492322,127.51552612748131,171.79749542516797,173.5384980277382,171.7786519924491,173.63324576411065,172.52755946088436,173.06827820749317,130.93992102912694,131.68701770811643,-0.7514572336666745,-0.7601524772730046,127.5 deg,171.8 deg,173.6 deg,173.1 deg,131.7 deg,0.965,True,ok,rdl,1.0,True,0.0,down,1,,True,148
4.9667,left,126.45676614689978,127.17829506988924,171.7471663713289,172.92615081637524,171.77318772410496,173.49889751098326,172.1883196600783,172.79592118264972,130.65252589364462,131.3538632137398,-0.7483240134765052,-0.7565310790674955,127.2 deg,171.8 deg,173.5 deg,172.8 deg,131.4 deg,0.964,True,ok,rdl,1.0,True,0.0,down,1,,True,149
5.0,left,126.52263286956305,126.94596395897985,171.67944566796234,173.13464315700708,171.76767976703863,173.39020088821172,172.26383495408285,172.6149789197139,130.7672436566783,131.128020444702,-0.7497320633399288,-0.7540376534543307,126.9 deg,171.8 deg,173.4 deg,172.6 deg,131.1 deg,0.963,True,ok,rdl,1.0,True,0.0,down,1,,True,150
5.0333,left,126.62998078895647,126.76942792197077,171.65117409846343,173.15808136011316,171.73520645577244,173.3201944582618,172.45469974720285,172.55503381830826,130.88602192461903,130.97203050516418,-0.7512741452393699,-0.7523349026410029,126.8 deg,171.7 deg,173.3 deg,172.6 deg,131.0 deg,0.963,True,ok,rdl,1.0,True,0.0,down,1,,True,151
5.0667,left,126.72593493235458,126.68568851862192,171.66501527009132,173.14728243598609,171.72939015072987,173.26595245287146,172.63755357652343,172.5189861451759,130.97344768749252,130.89240205841244,-0.752809204327007,-0.7514522256718188,126.7 deg,171.7 deg,173.3 deg,172.5 deg,130.9 deg,0.962,True,ok,rdl,1.0,True,0.0,down,1,,True,152
5.1,left,126.80419982432257,126.6794814960209,171.6528677114092,173.2843723201541,171.71150585218737,173.24350048875107,172.6107388234524,172.4769415888661,131.0568996837551,130.89634336532214,-0.7539286391520528,-0.751486281616622,126.7 deg,171.7 deg,173.2 deg,172.5 deg,130.9 deg,0.961,True,ok,rdl,1.0,True,0.0,down,1,,True,153
5.1333,left,127.18391967172107,126.72899117839155,171.59318548567344,173.52101148744498,171.6837642900138,173.244291372117,172.48508575982962,172.452541711722,131.4505327685247,130.96094180626304,-0.7588610123566026,-0.7523409016511629,126.7 deg,171.7 deg,173.2 deg,172.5 deg,131.0 deg,0.962,True,ok,rdl,1.0,True,0.0,down,1,,True,154
5.1667,left,127.68944654500929,126.85898296840385,171.56771581590527,173.00049949082037,171.6509386315477,173.16743443827156,172.39016251779194,172.43291357699445,131.96399225524593,131.10723769570862,-0.7643989612501221,-0.7541897198773697,126.9 deg,171.7 deg,173.2 deg,172.4 deg,131.1 deg,0.962,True,ok,rdl,1.0,True,0.0,down,1,,True,155
5.2,left,128.6193532041788,127.16792397658655,171.26488429793451,173.5165035284063,171.58204119249135,173.25177053999028,171.94562750280335,172.39824326881234,133.01062042188897,131.44410834260066,-0.7763025541988241,-0.7581866542662724,127.2 deg,171.6 deg,173.3 deg,172.4 deg,131.4 deg,0.963,True,ok,rdl,1.0,True,0.0,down,1,,True,156
5.2333,left,129.49903209772773,127.59312386632436,171.2771034687106,173.162956454674,171.52456373545536,173.25581529679988,172.24974200638832,172.39622999057025,133.8862177827835,131.8896760749014,-0.7861435878560055,-0.763388300625712,127.6 deg,171.5 deg,173.3 deg,172.4 deg,131.9 deg,0.963,True,ok,rdl,1.0,True,0.0,down,1,,True,157
5.2667,left,131.20183667238794,128.246246135386,171.35534390759307,173.96677803698822,171.48230227961676,173.3713433934963,171.9767150747098,172.3279464659284,135.53866171829614,132.55433890256955,-0.8022821927287576,-0.7706751645527674,128.2 deg,171.5 deg,173.4 deg,172.3 deg,132.6 deg,0.964,True,ok,rdl,1.0,True,0.0,down,1,,True,158
5.3,left,132.3192510132361,129.04529128979763,171.26416472863477,174.17021765648158,171.42503791655153,173.51747699642422,172.8791625186275,172.36246202908612,136.72709699738786,133.37628880398316,-0.8140142412262223,-0.7794187412526553,129.0 deg,171.4 deg,173.5 deg,172.4 deg,133.4 deg,0.964,True,ok,rdl,1.0,True,0.0,down,1,,True,159
5.3333,left,134.44980849339245,130.13752109966475,171.5997051427087,176.28031933083707,171.41744326388007,173.9454694265218,174.06072693955025,172.56960318852867,138.68706241494564,134.46631205129611,-0.8322379587161451,-0.7906057869046684,130.1 deg,171.4 deg,173.9 deg,172.6 deg,134.5 deg,0.965,True,ok,rdl,1.0,True,0.0,down,1,,True,160
5.3667,left,136.4652104695659,131.46341978507118,171.9263219857916,177.66351098066377,171.46503419246838,174.53725506841016,174.6107477917219,172.87326919308472,140.51292864100517,135.76094003307904,-0.8487680817404284,-0.8034496539595006,131.5 deg,171.5 deg,174.5 deg,172.9 deg,135.8 deg,0.966,True,ok,rdl,1.0,True,0.0,down,1,,True,161
5.4,left,138.09873906725136,132.95046157396288,172.43081010295785,177.25761748088013,171.588333376333,175.14541478127583,174.4408477967525,173.16622423293623,141.92163560770823,137.18346051200223,-0.86203462119541,-0.8173976053802561,133.0 deg,171.6 deg,175.1 deg,173.2 deg,137.2 deg,0.967,True,ok,rdl,1.0,True,0.0,down,1,,True,162
5.4333,left,139.90887853767677,134.56325090731974,172.1418728619774,177.72264571766064,171.71361745691055,175.74629223688365,173.3128180071968,173.3615371621353,143.9103949765564,138.740571162669,-0.8774559422113728,-0.8318480893820487,134.6 deg,171.7 deg,175.7 deg,173.4 deg,138.7 deg,0.969,True,ok,rdl,1.0,True,0.0,down,1,,True,163
5.4667,left,142.5951946380514,136.43413127022313,172.55157321018956,178.452245494525,171.89568456283612,176.50190495686235,173.70951024252486,173.57007548158336,146.38573751378308,140.52621683852607,-0.8935173297808658,-0.8471871953713146,136.4 deg,171.9 deg,176.5 deg,173.6 deg,140.5 deg,0.97,True,ok,rdl,1.0,True,0.0,down,1,,True,164
5.5,left,144.98537488664542,138.4032081579742,172.69864788288115,178.42281245636903,172.08758513073442,177.13848130248817,174.55644251740085,173.9386079733964,148.67477086275113,142.4028038591625,-0.9068915003438851,-0.8621313821734757,138.4 deg,172.1 deg,177.1 deg,173.9 deg,142.4 deg,0.971,True,ok,rdl,1.0,True,0.0,down,1,,True,165
5.5333,left,147.99752481132683,140.64296155770145,173.08442938246728,179.20376972957257,172.3476229384248,177.85756017007262,174.7308745759841,174.20313826730444,151.4810355973489,144.51050937344263,-0.9222198398440186,-0.8775893248331609,140.6 deg,172.3 deg,177.9 deg,174.2 deg,144.5 deg,0.973,True,ok,rdl,1.0,True,0.0,down,1,,True,166
5.5667,left,149.76371094843051,142.83066190842118,173.2069023795706,179.36326342824117,172.5772225436908,178.29798075541606,174.8855332615987,174.32096774188284,153.20109773257968,146.58394299024752,-0.9310007219701318,-0.8916982910123018,142.8 deg,172.6 deg,178.3 deg,174.3 deg,146.6 deg,0.974,True,ok,rdl,1.0,True,0.0,down,1,,True,167
5.6,left,152.2731440282073,145.0889381310842,173.73202274190845,179.01423953018622,172.8351797945646,178.49094197677638,175.3390602107759,174.42501237317623,155.45961441899158,148.71918381567414,-0.9405817341946616,-0.9048145270771922,145.1 deg,172.8 deg,178.5 deg,174.4 deg,148.7 deg,0.975,True,ok,rdl,1.0,True,0.0,down,1,,True,168
5.6333,left,153.92065926511106,147.34921244506418,173.88400130385338,178.16229188674782,173.0427785375497,178.62018117761463,176.23698458205743,174.6816033425055,157.02090035804153,150.87622163715034,-0.9475568048528108,-0.9170319818853923,147.3 deg,173.0 deg,178.6 deg,174.7 deg,150.9 deg,0.977,True,ok,rdl,1.0,True,0.0,down,1,,True,169
5.6667,left,156.92653749560284,149.78030658191074,174.21859794540887,179.49875900754265,173.3394535494685,178.8739116475978,176.78289334120745,175.17732839022133,159.86193333084321,153.15501283061988,-0.9587112562599369,-0.9286398838923301,149.8 deg,173.3 deg,178.9 deg,175.2 deg,153.2 deg,0.978,True,ok,rdl,1.0,True,0.0,down,1,,True,170
5.7,left,160.80861732085282,152.38222410802524,175.71920111541746,179.15234723824716,173.7919718216439,178.97392618241523,175.82669151957919,175.47978285837195,162.98266918611978,155.5260030695251,-0.9681370809899347,-0.9392998483507684,152.4 deg,173.8 deg,179.0 deg,175.5 deg,155.5 deg,0.979,True,ok,rdl,0.7,True,0.0,down,1,,True,171
5.7333,left,163.87553123824807,155.08081787253994,176.6196228404875,178.87638682461576,174.35211110130194,179.0387225207362,174.48313569755206,175.46931045553643,165.5943720766717,157.94308895722807,-0.9755994624682481,-0.9491152715113917,155.1 deg,174.4 deg,179.0 deg,175.5 deg,157.9 deg,0.98,True,ok,rdl,0.7,True,0.0,down,1,,True,172
5.7667,left,165.92681004587095,157.64214433461763,177.2938308126993,178.5933303343924,174.95345416276365,178.95151689285333,173.46925193214406,175.28907864927353,167.30533300897483,160.20370287317465,-0.9804470992563322,-0.9574334514274366,157.6 deg,175.0 deg,179.0 deg,175.3 deg,160.2 deg,0.981,True,ok,rdl,0.7,True,0.0,down,1,,True,173
5.8,left,168.30258355584058,160.2905547071048,177.99396426809753,178.89447030745674,175.6373201468389,178.88454644702696,172.8814219299185,175.00277703046208,169.3227929577849,162.50680219106107,-0.9852445616753346,-0.9651825713853227,160.3 deg,175.6 deg,178.9 deg,175.0 deg,162.5 deg,0.982,True,ok,rdl,0.7,True,0.0,up,2,,True,174
5.8333,left,170.12834653050425,162.84129792171865,178.64390366631292,179.53732873746182,176.33901742175385,178.95927347663778,170.76658145896263,174.34956578020305,170.81196214897983,164.69999472391652,-0.9886084434564348,-0.9720435298512903,162.8 deg,176.3 deg,179.0 deg,174.3 deg,164.7 deg,0.983,True,ok,rdl,0.7,True,0.0,up,2,,True,175
5.8667,left,171.5828904469322,165.36447380483597,178.78888450991303,179.3210264306502,177.03971502261953,179.12480698290955,172.2293068903984,173.77704039568033,172.19314537630837,166.86745829795467,-0.9914572778905523,-0.978315025999539,165.4 deg,177.0 deg,179.1 deg,173.8 deg,166.9 deg,0.982,True,ok,rdl,0.7,True,0.0,up,2,,True,176
5.9,left,173.46579980471824,167.72722556328102,178.93945948530614,177.22208718895928,177.7141238140334,178.79956815168333,173.1449072280471,173.25732809380025,173.99850855990732,168.88696904496382,-0.9945455350325578,-0.983434208681342,167.7 deg,177.7 deg,178.8 deg,173.3 deg,168.9 deg,0.982,True,ok,rdl,0.7,True,0.0,up,2,,True,177
5.9333,left,175.54679755759068,169.832679882815,179.50189181422866,175.2292722872106,178.25450819957788,178.23912887296382,171.70509024149584,172.6685279112169,175.7929459348971,170.71700858050343,-0.9968430658399975,-0.9875350636599226,169.8 deg,178.3 deg,178.2 deg,172.7 deg,170.7 deg,0.981,True,ok,rdl,0.7,True,0.0,up,2,,True,178
5.9667,left,176.64712975463718,171.65719395658488,179.31129758369428,173.83419896215563,178.63903316289313,177.51881632118378,170.89217121458242,172.15553298507842,176.9842234832838,172.34413021001947,-0.9980824173495242,-0.9907469143572476,171.7 deg,178.6 deg,177.5 deg,172.2 deg,172.3 deg,0.98,True,ok,rdl,0.7,True,0.0,up,2,,True,179
6.0,left,178.18349994373875,173.40814965628027,179.66662159462044,173.66407437953404,178.97800327459615,176.81463689906118,171.69016664668803,171.90137794429899,178.3467258915714,173.92147205039038,-0.9990797316866453,-0.9934087189901495,173.4 deg,179.0 deg,176.8 deg,171.9 deg,173.9 deg,0.979,True,ok,rdl,0.7,True,0.0,up,2,,True,180
6.0333,left,178.87795531580352,174.91891705056068,179.90308670604867,176.2608404193908,179.25073505144633,176.4384040579089,171.53955962204643,171.7096833288887,178.9258924200707,175.2933434021455,-0.9993941196682077,-0.9954300844177029,174.9 deg,179.3 deg,176.4 deg,171.7 deg,175.3 deg,0.979,True,ok,rdl,0.7,True,0.0,up,2,,True,181
6.0667,left,179.6785745835961,176.28323534385953,179.93147195674447,175.5275741704347,179.4346733786508,175.86558197690505,172.3210260387851,171.93174684029188,179.6422725522684,176.55481631690103,-0.9996986283428623,-0.9970143965443353,176.3 deg,179.4 deg,175.9 deg,171.9 deg,176.6 deg,0.978,True,ok,rdl,0.7,True,0.0,up,2,,True,182
6.1,left,179.68348214262687,177.44046272895875,179.94404708809589,175.63076042306878,179.5996966041055,175.3384011186791,173.01545248420675,172.04405335369307,179.7119644650011,177.62893332957137,-0.9998730200212156,-0.9982166454201444,177.4 deg,179.6 deg,175.3 deg,172.0 deg,177.6 deg,0.977,True,ok,rdl,0.7,True,0.0,up,2,,True,183
6.1333,left,179.22191655280488,178.26276512154257,179.97202354488172,175.06520958964452,179.74720575547346,175.03027574734847,173.6786975724322,172.12030911717667,179.2343384813758,178.37690903263834,-0.999979677364457,-0.9989929514675585,178.3 deg,179.7 deg,175.0 deg,172.1 deg,178.4 deg,0.976,True,ok,rdl,0.7,True,0.0,up,2,,True,184
6.1667,left,178.2533633911735,178.64941738348298,179.8672959931097,175.0502651511947,179.7994063524565,175.00470329934618,172.99041786653143,172.30392734932462,178.3176262136019,178.73757764388188,-0.9999999661888361,-0.9994439372316782,178.6 deg,179.8 deg,175.0 deg,172.3 deg,178.7 deg,0.976,True,ok,rdl,0.7,True,0.0,up,2,,True,185
6.2,left,177.21104602075465,178.72997685007115,179.5454352207536,175.33763150273668,179.8328545863221,175.21947937657205,173.2312270001519,172.63807817583458,177.4327263582839,178.8016494831676,-0.9999657469635107,-0.9997129843193907,178.7 deg,179.8 deg,175.2 deg,172.6 deg,178.8 deg,0.976,True,ok,rdl,0.7,True,0.0,up,2,,True,186
6.2333,left,176.51692879733343,178.49189525772752,179.13091851015062,175.8386752500787,179.75632557425496,175.5301366437927,174.00448892034714,172.96869564350013,176.95200421071928,178.60240352876014,-0.9999142868578422,-0.9998322064867046,178.5 deg,179.8 deg,175.5 deg,173.0 deg,178.6 deg,0.975,True,ok,rdl,0.7,True,0.0,up,2,,True,187
6.2667,left,175.94015373283085,178.07220931730288,179.0520867866693,174.83813410468545,179.63475415720072,175.32689288454907,174.26068781088634,173.35742824190584,176.41460594594997,178.24364831817144,-0.9997911096758194,-0.9998889193449348,178.1 deg,179.6 deg,175.3 deg,173.4 deg,178.2 deg,0.975,True,ok,rdl,0.7,True,0.0,up,2,,True,188
6.3,left,175.50542490002564,177.47604507679284,178.93265439853744,174.64247509746102,179.49206593459976,175.20045015983857,174.68087060416144,173.6945488941025,176.03463800524108,177.72827195431043,-0.999666482392194,-0.999884327066268,177.5 deg,179.5 deg,175.2 deg,173.7 deg,177.7 deg,0.975,True,ok,rdl,0.7,True,0.0,up,2,,True,189
6.3333,left,175.35130619265425,176.85716279822532,179.01225645664763,174.6650899782343,179.35895298725,175.06249723914792,174.68057589962746,173.93242366773399,175.84564633920672,177.17594079348265,-0.9995982602852138,-0.9998450756754105,176.9 deg,179.4 deg,175.1 deg,173.9 deg,177.2 deg,0.975,True,ok,rdl,0.7,True,0.0,up,2,,True,190
6.3667,left,175.14824489850898,176.27520970475445,178.96864477810956,174.60664054386626,179.21561316342542,174.9969873754653,174.64547515330207,174.07053475071538,175.66686059556744,176.66630109551005,-0.9995415371214269,-0.9997824842121206,176.3 deg,179.2 deg,175.0 deg,174.1 deg,176.7 deg,0.976,True,ok,rdl,0.7,True,0.0,up,2,,True,191
6.4,left,175.1364284765512,175.82993328837983,178.90353464209753,174.4788746298885,179.0779329704237,174.91536015813583,174.8277818522747,174.33301532010728,175.68783880075003,176.29061717938836,-0.99951880266412,-0.9997137465657325,175.8 deg,179.1 deg,174.9 deg,174.3 deg,176.3 deg,0.976,True,ok,rdl,0.7,True,0.0,up,2,,True,192
6.4333,left,174.92363915834406,175.50316087946408,178.80875962582925,174.31155710452342,178.9726935997202,174.76877810124822,174.9387525962192,174.57694754811695,175.52332807851417,176.0178459965641,-0.9994384157701448,-0.9996384135381088,175.5 deg,179.0 deg,174.8 deg,174.6 deg,176.0 deg,0.976,True,ok,rdl,0.7,True,0.0,up,2,,True,193
6.4667,left,175.0513339459237,175.29379018640552,178.83685239805018,174.62589524886724,178.93068415513443,174.59552381536088,174.89677013841992,174.70441629355588,175.63309205248544,175.82942997395926,-0.9994811303302092,-0.9995765340341612,175.3 deg,178.9 deg,174.6 deg,174.7 deg,175.8 deg,0.977,True,ok,rdl,0.7,True,0.0,up,2,,True,194
6.5,left,175.13594513797472,175.17890324428322,178.98721596476608,174.76748250973628,178.92141689486252,174.58543073036816,174.84440101163233,174.78780389366244,175.64306032404969,175.71920917083065,-0.9995107230978507,-0.9995364788087372,175.2 deg,178.9 deg,174.6 deg,174.8 deg,175.7 deg,0.977,True,ok,rdl,0.7,True,0.0,up,2,,True,195
6.5333,left,175.10643144134949,175.12190417875806,178.95002929355053,174.53280602665876,178.92389902272154,174.56976372025358,174.71264686047724,174.7923433588504,175.63116388543787,175.66157001085875,-0.9994979848563953,-0.9995124077321945,175.1 deg,178.9 deg,174.6 deg,174.8 deg,175.7 deg,0.978,True,ok,rdl,0.7,True,0.0,up,2,,True,196
6.5667,left,175.01539828527717,175.07391733484704,178.76361926891641,174.5112343397644,178.8883794244742,174.54778434332925,174.9859672305042,174.83597069183278,175.63340602057198,175.63124996533952,-0.9995040941390452,-0.9994989554255989,175.1 deg,178.9 deg,174.5 deg,174.8 deg,175.6 deg,0.978,True,ok,rdl,0.7,True,0.0,up,2,,True,197
6.6,left,174.9746873753206,175.049123402963,178.59639422102134,174.43429455380561,178.83520077346162,174.5231634876063,174.68035488191035,174.84095351020542,175.67106621658635,175.63185076834222,-0.9995158473380165,-0.9994952854565401,175.0 deg,178.8 deg,174.5 deg,174.8 deg,175.6 deg,0.978,True,ok,rdl,0.7,True,0.0,up,2,,True,198
6.6333,left,175.38976814388238,175.08531478401028,178.75274623419372,174.58998908359214,178.81365957233248,174.53903698099256,174.75839073400311,174.83104049330947,176.012869778856,175.6782837652145,-0.9996190902492262,-0.9995096122544125,175.1 deg,178.8 deg,174.5 deg,174.8 deg,175.7 deg,0.979,True,ok,rdl,0.7,True,0.0,up,2,,True,199
6.6667,left,175.60827016906282,175.18311921411296,178.74430256372875,174.87019425432786,178.80445142060384,174.6188422881075,174.9742195536562,174.83610720151478,176.23568391331753,175.7800488844721,-0.9997221263080922,-0.9995501423312622,175.2 deg,178.8 deg,174.6 deg,174.8 deg,175.8 deg,0.978,True,ok,rdl,0.7,True,0.0,up,2,,True,200
6.7,left,175.98658146285476,175.31672600224599,178.8868851739201,174.67332393000115,178.8115989600138,174.62561781398372,175.2125890566128,174.88122418982806,176.54254320235302,175.9099704773104,-0.9997991174434679,-0.9995955690617276,175.3 deg,178.8 deg,174.6 deg,174.9 deg,175.9 deg,0.978,True,ok,rdl,0.7,True,0.0,up,2,,True,201
6.7333,left,176.13183042301625,175.4589953286805,178.91357473387626,174.4683071309923,178.80107878417243,174.58287847416318,173.89128189254222,174.7450643156723,176.67445182090884,176.05731211971877,-0.9998357489459649,-0.9996420013257439,175.5 deg,178.8 deg,174.6 deg,174.7 deg,176.1 deg,0.978,True,ok,rdl,0.7,True,0.0,up,2,,True,202
6.7667,left,176.58229791691463,175.66983339661834,178.97187528074568,174.2782677997238,178.80419963948606,174.54651587031532,174.01984284081306,174.64609231286315,177.09202022984607,176.2660058832057,-0.999904941346189,-0.9997001379671432,175.7 deg,178.8 deg,174.5 deg,174.6 deg,176.3 deg,0.978,True,ok,rdl,0.7,True,0.0,up,2,,True,203
6.8,left,177.75527982503968,176.06124504515586,179.4713985764322,174.44627943322246,178.90531096913114,174.53723659795222,173.59883486222563,174.44793054596622,178.0123902919872,176.60586077912214,-0.9999965636267282,-0.9997704907510979,176.1 deg,178.9 deg,174.5 deg,174.4 deg,176.6 deg,0.978,True,ok,rdl,0.7,True,0.0,up,2,,True,204
6.8333,left,178.7554162805326,176.6013491744719,179.7497707819653,174.41289158279844,179.070079049266,174.53417903066543,172.64632666196977,174.15735508597473,178.87621268293398,177.06373884574325,-0.99996779090123,-0.9998350541172712,176.6 deg,179.1 deg,174.5 deg,174.2 deg,177.1 deg,0.977,True,ok,rdl,0.7,True,0.0,up,2,,True,205
6.8667,left,179.71953663230175,177.21988752996035,179.63846392719708,175.3220281972533,179.19661014826647,174.63875604690276,171.65705616413126,173.71430729027875,179.8934688184694,177.61811013711662,-0.9997467375361022,-0.9998532894439677,177.2 deg,179.2 deg,174.6 deg,173.7 deg,177.6 deg,0.977,True,ok,rdl,0.7,True,0.0,up,2,,True,206
6.9,left,179.3822936109046,177.75903373593775,179.01801840181454,175.8797277042881,179.23571241085014,174.78297511118282,171.2344663394081,173.18005683110042,178.90353464209753,177.99923166979946,-0.9992449547789931,-0.9997851220826679,177.8 deg,179.2 deg,174.8 deg,173.2 deg,178.0 deg,0.976,True,ok,rdl,0.7,True,0.0,up,2,,True,207
6.9333,left,178.60576661578799,178.13320304349963,178.9099783719034,176.50615270513137,179.2390114391335,175.04480779334426,171.5929752577307,172.66296914554582,178.07440561196788,178.2180691568873,-0.9985973535254902,-0.9996134415229567,178.1 deg,179.2 deg,175.0 deg,172.7 deg,178.2 deg,0.975,True,ok,rdl,0.7,True,0.0,up,2,,True,208
6.9667,left,177.86907019704637,178.38138015407534,178.99516882440327,176.69044444173937,179.25066773778022,175.36225598059383,171.80168540184818,172.36445536116094,177.37736077771345,178.31848472214506,-0.9978220827227285,-0.9993257749196373,178.4 deg,179.3 deg,175.4 deg,172.4 deg,178.3 deg,0.975,True,ok,rdl,0.7,True,0.0,up,2,,True,209
7.0,left,176.708952742302,178.3994737005593,179.37442434478064,176.65753974854664,179.30817474692805,175.7021519732828,171.41587839633434,171.99246044052114,176.39586901013666,178.2190345479009,-0.9968365833201728,-0.9988874380587778,178.4 deg,179.3 deg,175.7 deg,172.0 deg,178.2 deg,0.976,True,ok,rdl,0.7,True,0.0,up,2,,True,210
7.0333,left,174.93631439813475,177.9967643538586,179.92598125278,176.72720666818742,179.37311512926345,176.02799872113496,170.88956106895012,171.60542132719607,174.9742585371359,177.78501572577926,-0.9953251648324938,-0.9982200953738872,178.0 deg,179.4 deg,176.0 deg,171.6 deg,177.8 deg,0.976,True,ok,rdl,0.7,True,0.0,up,2,,True,211
7.0667,left,173.35258591850757,177.22493144499785,179.85734747400252,177.61673339892675,179.38848322812595,176.48569040915325,173.01146564897905,171.657584039626,173.42394841285815,177.00612083005416,-0.9928260057957612,-0.9971998403588201,177.2 deg,179.4 deg,176.5 deg,171.7 deg,177.0 deg,0.977,True,ok,rdl,0.7,True,0.0,up,2,,True,212
7.1,left,172.0406823491033,176.1279522616838,179.9557653398252,179.14981171899788,179.43381200135852,177.03251662654534,171.69617072315674,171.66317183377245,172.0191557425529,175.88121896206604,-0.990153455134341,-0.995829371444283,176.1 deg,179.4 deg,177.0 deg,171.7 deg,175.9 deg,0.978,True,ok,rdl,0.7,True,0.0,up,2,,True,213
7.1333,left,169.51160701985896,174.7178541772487,179.33118922211835,179.79157999061712,179.47855068997336,177.59135266744948,170.84090221711202,171.60694838773017,169.85050986772205,174.58792970858389,-0.9859783458275423,-0.9939341415940757,174.7 deg,179.5 deg,177.6 deg,171.6 deg,174.6 deg,0.979,True,ok,rdl,0.7,True,0.0,up,2,,True,214
7.1667,left,167.94412348683943,173.19476230168462,179.82754148492612,179.76760995333038,179.6096311346909,178.0572751314779,170.91288453100188,171.50979256962606,168.03196402042988,173.153295195507,-0.981773117317193,-0.9915306792786046,173.2 deg,179.6 deg,178.1 deg,171.5 deg,173.2 deg,0.98,True,ok,rdl,0.7,True,0.0,up,2,,True,215
7.2,left,166.04585369238544,171.50573137244734,179.75933725872721,179.86294388898142,179.71879805388002,178.5104893382268,170.71301577199225,171.35426833678952,166.16802942367764,171.55196214493046,-0.9766951896498167,-0.9885125516967601,171.5 deg,179.7 deg,178.5 deg,171.4 deg,171.6 deg,0.98,True,ok,rdl,0.7,True,0.0,up,2,,True,216
7.2333,left,163.0676629875576,169.55697569319815,178.84665138871551,179.3678898619158,179.6434019172993,178.89768221156527,172.1903802805025,171.4649114630992,163.656499399499,169.73205220055362,-0.9691318554390884,-0.9845547334280339,169.6 deg,179.6 deg,178.9 deg,171.5 deg,169.7 deg,0.981,True,ok,rdl,0.7,True,0.0,up,2,,True,217
7.2667,left,159.7714941591233,167.3905728019108,177.82498117377048,178.978750074252,179.34325904886936,179.21933126957447,172.80906183679505,171.73912585850562,160.87841799594992,167.71836069466994,-0.9600423634560948,-0.9795143332314054,167.4 deg,179.3 deg,179.2 deg,171.7 deg,167.7 deg,0.982,True,ok,rdl,0.7,True,0.0,up,2,,True,218
7.3,left,156.1921479864823,164.93908166876435,176.34435491411654,178.07593073728748,178.84140296888563,179.2849308893403,174.44687935404485,171.9441849592293,158.0385875954761,165.52045200647248,-0.9495682964575086,-0.9733346604687979,164.9 deg,178.8 deg,179.3 deg,171.9 deg,165.5 deg,0.983,True,ok,rdl,0.7,True,0.0,up,2,,True,219
7.3333,left,152.50115126518466,162.14772008534737,174.95744565885641,178.193763895696,178.12735730017582,179.14835262886862,174.1498446193952,172.29470980154912,155.0443235615406,163.0954759806136,-0.9375518114143266,-0.9658201399373673,162.1 deg,178.1 deg,179.1 deg,172.3 deg,163.1 deg,0.983,True,ok,rdl,0.7,True,0.0,up,2,,True,220
7.3667,left,150.06566053535138,159.3697277304177,174.46020012383534,178.06356121609792,177.43150171470683,178.90149280393732,174.1096752319895,172.76167737510303,152.85457123793597,160.66748474778703,-0.9268979127606468,-0.9573800780706679,159.4 deg,177.4 deg,178.9 deg,172.8 deg,160.7 deg,0.983,True,ok,rdl,0.7,True,0.0,up,2,,True,221
7.4,left,148.4121785006162,156.579449875243,175.09923062560955,177.6164049195809,176.75602873480446,178.59417779911593,173.5715082659796,173.14148076581415,150.87472119236645,158.21645005806366,-0.9173049896767164,-0.9481703455505998,156.6 deg,176.8 deg,178.6 deg,173.1 deg,158.2 deg,0.983,True,ok,rdl,0.7,True,0.0,down,2,,True,222
7.4333,left,146.38774862740874,153.7711491516749,175.0041697975327,177.7249673540588,176.07671909749092,178.2887525798413,174.57024776760198,173.6925139080441,148.88685981354186,155.74771154233,-0.9070548592010622,-0.9382217269150634,153.8 deg,176.1 deg,178.3 deg,173.7 deg,155.7 deg,0.982,True,ok,rdl,0.7,True,0.0,down,2,,True,223
7.4667,left,144.94470257955706,151.1821548076748,174.72767740216153,178.85039009342762,175.48829424226895,178.21482404148583,174.79485285362463,174.06458141849012,147.56808923723426,153.449367233435,-0.8980522199509805,-0.9280674932739051,151.2 deg,175.5 deg,178.2 deg,174.1 deg,153.4 deg,0.982,True,ok,rdl,0.7,True,0.0,down,2,,True,224
7.5,left,143.00129692100575,148.78641234508657,174.23458797580687,178.92698606263153,174.97538092827412,178.20742918268292,174.99171445730104,174.37638893570525,145.85314804486995,151.30290009756644,-0.8866406681548046,-0.9175815368022923,148.8 deg,175.0 deg,178.2 deg,174.4 deg,151.3 deg,0.982,True,ok,rdl,1.0,True,0.0,down,2,,True,225
7.5333,left,140.9722474649071,146.6121408420044,173.6588157780339,178.6362770488639,174.59173248026232,178.28747865576523,174.45259949129436,174.37720609816947,144.1078949146338,149.3128011431604,-0.874452785209153,-0.9068507494810986,146.6 deg,174.6 deg,178.3 deg,174.4 deg,149.3 deg,0.982,True,ok,rdl,1.0,True,0.0,down,2,,True,226
7.5667,left,139.9344877383419,144.8169031953126,173.59531318899818,179.6004154903623,174.39714212742547,178.4884288835747,174.35173463135916,174.40604752845005,143.08288159848854,147.60402371986726,-0.8664609880699075,-0.896694917574753,144.8 deg,174.4 deg,178.5 deg,174.4 deg,147.6 deg,0.982,True,ok,rdl,1.0,True,0.0,down,2,,True,227
7.6,left,138.28615085170767,143.1341160976492,173.51281477043915,178.75008189063442,174.26180136265455,178.58650326565134,173.74191494688546,174.35351034486374,141.49217169923864,145.98082378576765,-0.8536650932434329,-0.8862330862151511,143.1 deg,174.3 deg,178.6 deg,174.4 deg,146.0 deg,0.982,True,ok,rdl,1.0,True,0.0,down,2,,True,228
7.6333,left,136.58312717526164,141.44425162259856,173.44353967768558,177.49758911789817,174.02527408437967,178.56952957969665,174.31042021999866,174.4590691954379,139.82191510183705,144.40185148712058,-0.8398242168630069,-0.8751644043846211,141.4 deg,174.0 deg,178.6 deg,174.5 deg,144.4 deg,0.982,True,ok,rdl,1.0,True,0.0,down,2,,True,229
7.6667,left,135.59135889437658,139.9019102321654,173.23882273844447,177.7840630902927,173.77308164736706,178.5779718277301,175.0142192877226,174.52249369831227,138.9118315468492,142.97684744902162,-0.8312592263092472,-0.8643364568286475,139.9 deg,173.8 deg,178.6 deg,174.5 deg,143.0 deg,0.981,True,ok,rdl,1.0,True,0.0,down,2,,True,230
7.7,left,134.0935741307984,138.35174902519987,172.98040653855736,177.00578646067655,173.52347152399508,178.31445702305138,175.02232068151616,174.5549891022968,137.53870947538792,141.544078911615,-0.8189133308590456,-0.8530309012440853,138.4 deg,173.5 deg,178.3 deg,174.6 deg,141.5 deg,0.979,True,ok,rdl,1.0,True,0.0,down,2,,True,231
7.7333,left,132.97267145696662,136.91908824462286,172.85309311571314,176.18694620298095,173.32611511541026,177.92302275738697,174.750844914242,174.52057916757408,136.4989903797878,140.20777067374615,-0.8083955141406819,-0.8418530220992106,136.9 deg,173.3 deg,177.9 deg,174.5 deg,140.2 deg,0.977,True,ok,rdl,1.0,True,0.0,down,2,,True,232
7.7667,left,131.62661901130795,135.58399846553726,172.58177183153197,175.57543477542788,173.17225169448142,177.4857595754675,174.7343713755827,174.56083229390097,135.29978488835226,138.94946924142022,-0.7980804307988376,-0.83094268575488,135.6 deg,173.2 deg,177.5 deg,174.6 deg,138.9 deg,0.975,True,ok,rdl,1.0,True,0.0,down,2,,True,233
7.8,left,130.6359133053471,134.25563068939513,172.28578556472783,175.28914634035303,172.98517631958566,176.8698639826091,174.50231559921946,174.58234386073812,134.47445106441498,137.71969345083826,-0.7897934642804628,-0.8199901823563877,134.3 deg,173.0 deg,176.9 deg,174.6 deg,137.7 deg,0.974,True,ok,rdl,1.0,True,0.0,down,2,,True,234
7.8333,left,130.06043132318345,133.08052789960598,172.2559488868759,175.5022882683253,172.80562405050517,176.40589346513636,173.9873480359084,174.61740573059856,133.92453109838794,136.63860193643106,-0.7837345009722362,-0.8100000977462168,133.1 deg,172.8 deg,176.4 deg,174.6 deg,136.6 deg,0.974,True,ok,rdl,1.0,True,0.0,down,2,,True,235
7.8667,left,129.2713303174394,132.03598549134566,172.1198723098871,175.76103898843684,172.61652871224828,176.15781487521332,173.65356151597166,174.52356877288042,133.21416548827466,135.6946377059221,-0.7764009819708139,-0.8009396356187607,132.0 deg,172.6 deg,176.2 deg,174.5 deg,135.7 deg,0.973,True,ok,rdl,1.0,True,0.0,down,2,,True,236
7.9,left,128.61043694470877,131.0387109271074,172.11197997789805,174.48370408782608,172.45555117502732,175.68633501771805,173.62138868149387,174.32459297199063,132.56011640910268,134.78724982910117,-0.769415326183159,-0.7921047927436053,131.0 deg,172.5 deg,175.7 deg,174.3 deg,134.8 deg,0.972,True,ok,rdl,1.0,True,0.0,down,2,,True,237
7.9333,left,127.99697265531162,130.1677678591807,172.10354858630714,173.8069777286086,172.3302857532773,175.22936234170837,173.4037312733521,174.09336591368148,131.96299101853708,133.99071862097964,-0.7629049148141902,-0.7841035904514831,130.2 deg,172.3 deg,175.2 deg,174.1 deg,134.0 deg,0.971,True,ok,rdl,1.0,True,0.0,down,2,,True,238
7.9667,left,127.47907386471103,129.3829682031442,172.18766640541205,173.44554389617397,172.23522479466286,174.83773344073597,173.20820173905543,173.87298831722623,131.40900144382306,133.26357734441325,-0.7577342144838924,-0.7768662619290846,129.4 deg,172.2 deg,174.8 deg,173.9 deg,133.3 deg,0.968,True,ok,rdl,1.0,True,0.0,down,2,,True,239
8.0,left,127.02221518861111,128.7251962284732,172.13962510430386,172.50642362055027,172.17206097648742,174.39930327575343,172.8195458321946,173.59944181102793,130.9782515252274,132.6462154353954,-0.7531106797712477,-0.770442011782286,128.7 deg,172.2 deg,174.4 deg,173.6 deg,132.6 deg,0.967,True,ok,rdl,1.0,True,0.0,down,2,,True,240
8.0333,left,126.98756749689761,128.2040039701233,172.2003391846188,173.18856448202808,172.15985435075757,174.09922015313558,172.66326227468718,173.33671990752333,130.9125931609732,132.13737859204656,-0.7522408298907513,-0.765077349726613,128.2 deg,172.2 deg,174.1 deg,173.3 deg,132.1 deg,0.965,True,ok,rdl,1.0,True,0.0,down,2,,True,241
8.0667,left,126.70478697315549,127.72462620583357,172.031783920628,173.35122897714308,172.12783078415072,173.791925968681,172.6981642048808,173.1525507888051,130.7572881803931,131.6849153180473,-0.7506727779647758,-0.7603542464398331,127.7 deg,172.1 deg,173.8 deg,173.2 deg,131.7 deg,0.964,True,ok,rdl,1.0,True,0.0,down,2,,True,242
8.1,left,126.63301930515722,127.3477246326504,171.9026483626511,173.24982552117274,172.0967987916884,173.43318118764324,172.565311128163,172.99708644768958,130.75726112949974,131.33392898107945,-0.7503232648174626,-0.7566288582750685,127.3 deg,172.1 deg,173.4 deg,173.0 deg,131.3 deg,0.962,True,ok,rdl,1.0,True,0.0,down,2,,True,243
8.1333,left,126.47862347632882,127.04317985145327,171.8447138005247,173.4451848868154,172.0586179092065,173.2848213017846,172.50076948858828,172.8369979915602,130.6529760348573,131.06148035618725,-0.749610269694742,-0.7537995644910088,127.0 deg,172.1 deg,173.3 deg,172.8 deg,131.1 deg,0.962,True,ok,rdl,1.0,True,0.0,down,2,,True,244
8.1667,left,126.34656258296513,126.8074069839752,171.8291284480408,172.74825979837928,172.01941503231134,173.13357588318038,172.5724933621824,172.7182497185359,130.52846110013857,130.85654751070174,-0.7480816471265874,-0.7516819548213513,126.8 deg,172.0 deg,173.1 deg,172.7 deg,130.9 deg,0.961,True,ok,rdl,1.0,True,0.0,down,2,,True,245
8.2,left,126.55636953193226,126.67559207929253,171.87793130034524,172.67817318636406,171.97516716015892,173.02395149606468,172.34942180357592,172.59556687061033,130.6902988070445,130.75387570544768,-0.7502169204382527,-0.7506080556719743,126.7 deg,172.0 deg,173.0 deg,172.6 deg,130.8 deg,0.961,True,ok,rdl,1.0,True,0.0,down,2,,True,246
8.2333,left,126.67213068685886,126.62558000761362,171.7744526383545,172.73015560485646,171.9229996650233,173.05591320810845,172.5048526029342,172.55061069500167,130.86222033823725,130.73729982159193,-0.7523118432693873,-0.7504939361717086,126.6 deg,171.9 deg,173.1 deg,172.6 deg,130.7 deg,0.962,True,ok,rdl,1.0,True,0.0,down,2,,True,247
8.2667,left,126.82321219477392,126.60210067873881,171.85584366880204,172.1495700276024,171.87378601990662,172.90748542890475,172.50778543409487,172.5283997177742,130.96619735939362,130.74495756422343,-0.7534289389477973,-0.7506636660370007,126.6 deg,171.9 deg,172.9 deg,172.5 deg,130.7 deg,0.961,True,ok,rdl,1.0,True,0.0,down,2,,True,248
8.3,left,127.38892407780317,126.69983455083134,171.75740309730864,172.94503331420884,171.83458875943242,172.84945747705703,171.81486776793005,172.40221451249553,131.5825958339137,130.86285865758353,-0.7609050998945215,-0.7521254263126788,126.7 deg,171.8 deg,172.8 deg,172.4 deg,130.9 deg,0.962,True,ok,rdl,1.0,True,0.0,down,2,,True,249
8.3333,left,128.60517949340945,126.98157172058166,171.82499655149093,173.6190221777173,171.82349564355243,172.9021998565634,172.22032023039438,172.3529300985286,132.754940474082,131.1482414210953,-0.7737066144635365,-0.7554659048335465,127.0 deg,171.8 deg,172.9 deg,172.4 deg,131.1 deg,0.963,True,ok,rdl,1.0,True,0.0,down,2,,True,250
8.3667,left,129.83574479408222,127.4611604802607,171.82408397034223,174.21216007678183,171.8205485249549,173.01176774084433,172.04406190343354,172.2876861577922,133.9618395424075,131.62093620788815,-0.7873021740605276,-0.7608504626000873,127.5 deg,171.8 deg,173.0 deg,172.3 deg,131.6 deg,0.964,True,ok,rdl,1.0,True,0.0,down,2,,True,251
8.4,left,130.55409887371465,128.06223709322492,171.28365885929853,173.38354599747927,171.74262429799174,173.10252291214428,172.18259296718824,172.23198610136447,134.95539985382604,132.2533560298435,-0.7971650063171407,-0.7678623710558805,128.1 deg,171.7 deg,173.1 deg,172.2 deg,132.3 deg,0.963,True,ok,rdl,1.0,True,0.0,down,2,,True,252
8.4333,left,132.3492936369162,128.8897976796512,171.38087423514455,174.5606200541411,171.67161614582022,173.3714438932553,172.2429833943582,172.21678061433335,136.6926120173999,133.11082934560858,-0.8144237035029998,-0.7770347686365586,128.9 deg,171.7 deg,173.4 deg,172.2 deg,133.1 deg,0.964,True,ok,rdl,1.0,True,0.0,down,2,,True,253
8.4667,left,134.22401586921626,129.96863841998797,171.4983651034387,176.30832438172942,171.63217506940367,173.88261086138002,173.0287489411572,172.2916229483652,138.48272233540106,134.19947248806054,-0.8316370528713745,-0.7883669414368425,130.0 deg,171.6 deg,173.9 deg,172.3 deg,134.2 deg,0.965,True,ok,rdl,1.0,True,0.0,down,2,,True,254
8.5,left,136.1883111725253,131.3065097025239,171.71335579992916,177.83716315045484,171.61181965956465,174.69512416464468,172.91991396307367,172.35049845250504,140.3460571596401,135.5394524595243,-0.848101746197928,-0.8018916281868612,131.3 deg,171.6 deg,174.7 deg,172.4 deg,135.5 deg,0.966,True,ok,rdl,1.0,True,0.0,down,2,,True,255
8.5333,left,137.73358955568722,132.78431905650731,172.01428701556088,177.26168903578255,171.64851736217216,175.31178926772662,172.76676165785543,172.48648329392293,141.7361905752049,136.9899659939945,-0.8612137112219286,-0.8162214298050623,132.8 deg,171.6 deg,175.3 deg,172.5 deg,137.0 deg,0.967,True,ok,rdl,1.0,True,0.0,down,2,,True,256
8.5667,left,139.05076021807,134.27654487431596,171.08101279203987,177.1830415945661,171.54223396796488,175.82093489870502,172.55001906452645,172.53358312737038,143.62936564757143,138.543455304493,-0.8753898827337078,-0.8307476109865153,134.3 deg,171.5 deg,175.8 deg,172.5 deg,138.5 deg,0.969,True,ok,rdl,1.0,True,0.0,down,2,,True,257
8.6,left,141.44177023788686,135.93454850914523,171.64153640818472,177.5457653449291,171.51615574479948,176.29716422272605,173.41879148958458,172.7299730682491,145.73435522008404,140.2252432584468,-0.8894409911102396,-0.8453388705650455,135.9 deg,171.5 deg,176.3 deg,172.7 deg,140.2 deg,0.97,True,ok,rdl,1.0,True,0.0,down,2,,True,258
8.6333,left,144.57948271003968,137.93817477147735,172.3861147794549,178.51681064073952,171.67364944767897,177.0304877431918,174.09930173707124,173.00378860680385,148.44727241972953,142.1526536250044,-0.9064370960765397,-0.8609491691021026,137.9 deg,171.7 deg,177.0 deg,173.0 deg,142.2 deg,0.971,True,ok,rdl,1.0,True,0.0,down,2,,True,259
8.6667,left,147.43333230504453,140.09303743835284,172.74777282944433,178.3278939540175,171.86892067543607,177.56866972888844,174.41952512726343,173.31472314007598,151.11317836945767,144.21273453244126,-0.9204202087417825,-0.8760915269933572,140.1 deg,171.9 deg,177.6 deg,173.3 deg,144.2 deg,0.972,True,ok,rdl,1.0,True,0.0,down,2,,True,260
8.7,left,149.99855025049595,142.34654234996424,173.26911618437939,179.7153813846322,172.12188511557045,178.05539215787456,174.68182850635827,173.55087736367614,153.40930068218185,146.34510286769563,-0.9320544874621497,-0.8904368747920396,142.3 deg,172.1 deg,178.1 deg,173.6 deg,146.3 deg,0.974,True,ok,rdl,1.0,True,0.0,down,2,,True,261
8.7333,left,152.61957175525188,144.69386529035373,174.06422641943723,179.94065297455344,172.4577237755002,178.35589070417433,175.16450406476727,173.87153309248953,155.62149055878444,148.52730763900198,-0.9420846696981259,-0.9038630067206391,144.7 deg,172.5 deg,178.4 deg,173.9 deg,148.5 deg,0.975,True,ok,rdl,1.0,True,0.0,down,2,,True,262
8.7667,left,154.14145937218905,147.03784669271113,173.97113355635685,179.3008641121344,172.73727328132819,178.64720142936747,176.10775793341432,174.34881827471222,157.1944290499977,150.73562742111523,-0.9489067635725544,-0.9163905856278713,147.0 deg,172.7 deg,178.6 deg,174.3 deg,150.7 deg,0.976,True,ok,rdl,1.0,True,0.0,down,2,,True,263
8.8,left,157.1035149688434,149.61681165710732,174.57609760678636,179.53564014137288,173.23657111200626,178.98328693605416,175.97221292093016,174.83770311134134,159.84427425676722,153.05204293671463,-0.9587521381861986,-0.9282994792639415,149.6 deg,173.2 deg,179.0 deg,174.8 deg,153.1 deg,0.978,True,ok,rdl,1.0,True,0.0,down,2,,True,264
8.8333,left,160.54500478958997,152.3458451644935,175.46313344581117,179.11884401358412,173.7825135459529,179.20801246014773,175.04860303904104,175.07053333269226,162.85514589710112,155.49787017628847,-0.9677747549032497,-0.9394900169486572,152.3 deg,173.8 deg,179.2 deg,175.1 deg,155.5 deg,0.979,True,ok,rdl,0.7,True,0.0,down,2,,True,265
8.8667,left,163.91072483518383,155.10745118237122,176.92597496468522,178.7546303786382,174.4310650009858,179.24198670841898,173.8603908070594,175.0364031998334,165.47639381085142,157.93060180359163,-0.9753190281332509,-0.9493302929567589,155.1 deg,174.4 deg,179.2 deg,175.0 deg,157.9 deg,0.98,True,ok,rdl,0.7,True,0.0,down,2,,True,266
8.9,left,165.9698931912085,157.75553130896608,177.56650874682927,178.72835246866262,175.11945584632647,179.29919506765398,173.02905846135602,174.83776510470378,167.2104345198569,160.23020982507725,-0.9803294030870092,-0.9578887492917912,157.8 deg,175.1 deg,179.3 deg,174.8 deg,160.2 deg,0.981,True,ok,rdl,0.7,True,0.0,down,2,,True,267
8.9333,left,168.020869032892,160.3301482778798,178.0161354846072,178.73174244071328,175.79760146064476,179.15867521852275,173.06106915928146,174.6062280551214,169.02961958290456,162.4616839537519,-0.984757097928079,-0.9654176936440668,160.3 deg,175.8 deg,179.2 deg,174.6 deg,162.5 deg,0.982,True,ok,rdl,0.7,True,0.0,up,3,,True,268
8.9667,left,170.16514666555298,162.8366589793514,178.79406596810279,179.66253805561186,176.47329282473987,179.11894451581676,170.92846653959188,174.00107983723916,170.7718399828152,164.6260195857563,-0.988641746424753,-0.9720687046050135,162.8 deg,176.5 deg,179.1 deg,174.0 deg,164.6 deg,0.982,True,ok,rdl,0.7,True,0.0,up,3,,True,269
9.0,left,172.34896008014846,165.4377305090599,179.11044537957852,178.75180522834316,177.20748022805722,179.040507532418,172.0940584328475,173.42769419430107,172.79908341153694,166.85525592311905,-0.9923685540709162,-0.9782775318190653,165.4 deg,177.2 deg,179.0 deg,173.4 deg,166.9 deg,0.982,True,ok,rdl,0.7,True,0.0,up,3,,True,270
9.0333,left,173.21892367959114,167.7399317534524,178.55815633051503,176.73061815739135,177.77634576001847,178.63979010613494,172.1372531639422,172.87984280044566,173.94546816487,168.86971219570515,-0.9945052751307224,-0.98338512281114,167.7 deg,177.8 deg,178.6 deg,172.9 deg,168.9 deg,0.982,True,ok,rdl,0.7,True,0.0,up,3,,True,271
9.0667,left,175.2183212077412,169.8361198131883,179.27072665178497,175.76936353499434,178.32028764658617,178.1612928949078,171.65731506959864,172.39537309052528,175.57902190655824,170.68740876848477,-0.9964559915831677,-0.9874824423368426,169.8 deg,178.3 deg,178.2 deg,172.4 deg,170.7 deg,0.981,True,ok,rdl,0.7,True,0.0,up,3,,True,272
9.1,left,176.55689989016685,171.64271624961444,179.06874773791557,173.78476259949875,178.6263980427619,177.4513117836022,169.1343782373916,171.7202284377156,177.01652791602126,172.33599935493757,-0.9980833258801023,-0.9907344848721069,171.6 deg,178.6 deg,177.5 deg,171.7 deg,172.3 deg,0.98,True,ok,rdl,0.7,True,0.0,up,3,,True,273
9.1333,left,178.25381162619064,173.39756174032615,179.44609229690167,175.45860242314475,178.89490997848657,176.98420463424253,170.7753331139028,171.39826767379373,178.5270050662715,173.95265229013967,-0.999024309058696,-0.9934051857252052,173.4 deg,178.9 deg,177.0 deg,171.4 deg,174.0 deg,0.979,True,ok,rdl,0.7,True,0.0,up,3,,True,274
9.1667,left,179.50267809935278,175.037820178392,179.90934591580344,176.6488819847572,179.1653686115146,176.6866531405345,169.4867971178157,170.8876573821558,179.54500496304541,175.45485020158836,-0.9995520598411421,-0.9955187517127858,175.0 deg,179.2 deg,176.7 deg,170.9 deg,175.5 deg,0.979,True,ok,rdl,0.7,True,0.0,up,3,,True,275
9.2,left,179.48679997818067,176.36948493733885,179.68040608712113,177.2057169101725,179.2919886285172,176.33567869118602,168.51475050539386,170.54284080584173,179.64281995673164,176.72213305500503,-0.9996605543915728,-0.9970928671366172,176.4 deg,179.3 deg,176.3 deg,170.5 deg,176.7 deg,0.979,True,ok,rdl,0.7,True,0.0,up,3,,True,276
9.2333,left,179.71883982643328,177.42232490109382,179.93147195674447,175.7168684268744,179.4092781395409,175.90211629097618,170.24224152496978,170.2782955332878,179.68286454464513,177.70553035973472,-0.9998629058959231,-0.9981634888259038,177.4 deg,179.4 deg,175.9 deg,170.3 deg,177.7 deg,0.979,True,ok,rdl,0.7,True,0.0,up,3,,True,277
9.2667,left,179.50110676830352,178.31977962805271,179.47288134276732,174.79131556397385,179.5399531412912,175.6250730633451,171.98131631617224,170.25601884074925,179.24437124640622,178.46251651423992,-0.9999745671456737,-0.9989448162566111,178.3 deg,179.5 deg,175.6 deg,170.3 deg,178.5 deg,0.978,True,ok,rdl,0.7,True,0.0,up,3,,True,278
